url,label
http://0rwttu.duckdns.org,phishing
http://100cure.net/ce9ewp/amend/amendes/details.php,phishing
http://2mq28g62.duckdns.org,phishing
http://3-loja-soporte.webcindario.com/index.html,phishing
http://3443x43x34x.pages.dev/,phishing
http://468yss9us.duckdns.org,phishing
http://4qq6rz.duckdns.org,phishing
http://4ykggxhz.duckdns.org,phishing
http://571259420.swh.strato-hosting.eu/maint/advalak3/advalak3/app/login.php,phishing
http://643467.xyz/,phishing
http://6uohar9.duckdns.org,phishing
http://74-50-118-199.static.hvvc.us/ne12ibpl/,phishing
http://74-50-118-199.static.hvvc.us/ne12ibpl/espera.php?hash=20185467466a91d3ce610072.75444418,phishing
http://7ol2gsb1e.duckdns.org,phishing
http://a-novobanco.com/,phishing
http://about.pb3.duckdns.org/,phishing
http://accountservicescenter.co.za/?r=e3621f7f-590e-4fb6-abc6-3f723f46c6f6&rg=eu,phishing
http://acs-fasclo.eu.cc/,phishing
http://actualiseo.com,phishing
http://admin-instagram.orderyuk.info/,phishing
http://affiliate.pb3.duckdns.org/,phishing
http://ag-techs.com/,phishing
http://agoda-ambassador-dashboard.netlify.app,phishing
http://agodad-dubai.webflow.io,phishing
http://agodarefund.netlify.app,phishing
http://aikuaizi.com,phishing
http://aiwanxiong.com,phishing
http://allegro-lokalnie.pl-25294.click,phishing
http://allegro-lokalnie.pl-7543235678.click/,phishing
http://allegro.0000vv.study,phishing
http://allegro.00123192s.casa,phishing
http://allegro.00421.study,phishing
http://allegro.00421.study/,phishing
http://allegro.012031928g.lol,phishing
http://allegro.03498g3.study/,phishing
http://allegro.03498g3.study/lokalnie/mdata?id=4d2C3Y2P2i2S8k1J4Q6i4Y6K8c8b6R6B,phishing
http://allegro.0901209ghgh.beauty,phishing
http://allegro.1000gg4.casa,phishing
http://allegro.1000h5g4g4.casa,phishing
http://allegro.1200000498.casa/,phishing
http://allegro.1200000498.casa/lokalnie/mdata?id=1H5f9Q2H2G4n5v0T3O4X4R6X9z8a7j0h,phishing
http://allegro.1200095hhsmart.casa,phishing
http://allegro.1241092000.casa,phishing
http://allegro.1509smart94301.study/lokalnie/?id=0p5x9y2l2u9l0a4w0i0v2c4c0r9p5q8l,phishing
http://allegro.1509smart94301.study/lokalnie?id=0p5x9y2l2u9l0a4w0i0v2c4c0r9p5q8l,phishing
http://allegro.150hhitismatr84390.casa,phishing
http://allegro.239492341.casa,phishing
http://allegro.39099h954g3f212.casa,phishing
http://allegro.39099h954g3f212.casa/lokalnie,phishing
http://allegro.39099h954g3f212.casa/lokalnie/,phishing
http://allegro.41020129g8g.lat,phishing
http://allegro.41020129g8g.lat/,phishing
http://allegro.52399129gg.casa/,phishing
http://allegro.81293192312.study,phishing
http://allegro.81293192312.study/,phishing
http://allegro.823ggg.casa,phishing
http://allegro.823ggg.casa/,phishing
http://allegro.92359293ghg.lol,phishing
http://allegro.9392130120.casa,phishing
http://allegro.id9458215.cfd,phishing
http://allegro.kupteraz429199421.xyz,phishing
http://allegro.lokalna-0270486.sbs,phishing
http://allegro.lokalna-029481.sbs,phishing
http://allegro.lokalna-048261.sbs,phishing
http://allegro.lokalna-0493729.sbs,phishing
http://allegro.lokalna-0498215.sbs,phishing
http://allegro.lokalna-059272.sbs,phishing
http://allegro.lokalna-0904921.sbs,phishing
http://allegro.lokalna-1948244.sbs,phishing
http://allegro.lokalna-201932.sbs,phishing
http://allegro.lokalna-482012.sbs,phishing
http://allegro.lokalna-532424.sbs,phishing
http://allegro.lokalna-593812.sbs,phishing
http://allegro.lokalna-638424.sbs,phishing
http://allegro.lokalna-7336163.lol,phishing
http://allegro.lokalna-8487391.sbs,phishing
http://allegro.lokalna-858304.sbs,phishing
http://allegro.lokalna-948271.sbs,phishing
http://allegro.lokalna-958204.sbs,phishing
http://allegro.lokalna-9938201.sbs,phishing
http://allegro.lokalna-oferta23761.lol,phishing
http://allegro.lokalna-oferta4132687.lol,phishing
http://allegro.lokalna-oferta57641.lol,phishing
http://allegro.lokalna-oferta742346.lol,phishing
http://allegro.lokalna-oferta7849234.lol,phishing
http://allegro.lokalna-oferta7849301.lol,phishing
http://allegro.lokalna-oferta7849314.lol,phishing
http://allegro.lokalna-oferta8849231.lol,phishing
http://allegro.lokalna-ofeta054723231.lol,phishing
http://allegro.lokalna-ofeta064623324.lol,phishing
http://allegro.lokalna-ofeta0675421323.lol,phishing
http://allegro.lokalna-ofeta287689147.sbs,phishing
http://allegro.lokalna-ofeta2891987121.sbs,phishing
http://allegro.lokalna-ofeta7891987121.sbs,phishing
http://allegro.lokalna-ofeta843673458.lol,phishing
http://allegro.lokalna-ofeta9914122115.sbs,phishing
http://allegro.lokalna129129.lol,phishing
http://allegro.lokalna1291292.lol,phishing
http://allegro.lokalna1745631.lol,phishing
http://allegro.lokalna8738783.lol,phishing
http://allegro.lokalne-383712.lol,phishing
http://allegro.nr-03294223s.lol,phishing
http://allegro.nr-2389842ms2.lol,phishing
http://allegro.ofera2939934349.shop,phishing
http://allegro.ofera783727222.shop,phishing
http://allegro.ofera8932882822.shop,phishing
http://allegro.oferta-7894213.shop,phishing
http://allegro.oferta-lokalana37198264.sbs,phishing
http://allegro.oferta-lokalana684538913895.shop,phishing
http://allegro.oferta-lokalna8654968923445.shop,phishing
http://allegro.oferta-lokalna8943961432.cfd,phishing
http://allegro.oferta194178214141.sbs,phishing
http://allegro.oferta389212.click,phishing
http://allegro.oferta825791.click,phishing
http://allegro.oferta837412.click,phishing
http://allegro.oferta932193.lol,phishing
http://allegro.ofeta-71903.lat,phishing
http://allegro.pi-ofeta089139.shop,phishing
http://allegro.pl-123458.lol,phishing
http://allegro.pl-25294.click,phishing
http://allegro.pl-3146728.lol,phishing
http://allegro.pl-34592676320.lat,phishing
http://allegro.pl-4328923879.lol,phishing
http://allegro.pl-473935.sbs,phishing
http://allegro.pl-589679353.lol,phishing
http://allegro.pl-743289.lol,phishing
http://allegro.pl-893057502435.icu,phishing
http://allegro.pl-oferta6893457623479.sbs,phishing
http://allegro.pl-oferta783694.biz,phishing
http://allegro.pl-oferta784301297.lat/a/gainward-phoenix-nvidia-geforc/25870,phishing
http://allegro.pl-oferta8745329.lol,phishing
http://allegro.pl-oferta89657082415.shop,phishing
http://allegro.pl-oferta896712.lol,phishing
http://allegro.pl-oferta9012.sbs,phishing
http://allegro.pl-ogloszenie5722931873.lol,phishing
http://allegro.pl-ogloszenie6753998232.lol,phishing
http://allegro.pl-ogloszenie8913.icu,phishing
http://allegro.platnosc402199421.xyz,phishing
http://allegro.plkupteraz232713614.sbs,phishing
http://allegro.plkupteraz27182632.bond,phishing
http://allegro.plkupteraz673218543611.shop,phishing
http://allegro.plkupteraz732185943781.click,phishing
http://allegro.plkupteraz83219321698.sbs,phishing
http://allegro.ploferta23189192.rest,phishing
http://allegro.ploferta3217832819.sbs,phishing
http://allegro.pryi40-23gf2.casa,phishing
http://allegro.prywane893200.casa/lokalnie,phishing
http://allegro.prywane893200.casa/lokalnie/,phishing
http://allegro.smar9439012g.casa,phishing
http://allegro.smra9439020.lol,phishing
http://allegrolokainie.pl-489689124.lol,phishing
http://allegrolokainie.pl-7543235678.click,phishing
http://allegrolokainie.pl-847261842.lol,phishing
http://allegrolokainie.pl-ogloszenie6753998232.lol,phishing
http://allegrolokalne.oferta-id01932847654.online,phishing
http://allegrolokalne.oferta-id01932847654.online/191296408,phishing
http://allegrolokalne.pl-25294.click,phishing
http://allegrolokalne.pl-489689124.lol,phishing
http://allegrolokalne.pl-7543235678.click,phishing
http://allegrolokalne.pl-ogloszenie5722931873.lol,phishing
http://allegrolokalnie.0199722678.icu/logowanie/32053,phishing
http://allegrolokalnie.0592812.lol/logowanie,phishing
http://allegrolokalnie.163x48g5u762.lol,phishing
http://allegrolokalnie.167v922n4212.lol/oferta/id-lrzkuhrzay-playstation-5-pro-2-pady-i-duzo-gier,phishing
http://allegrolokalnie.19246c47b861.lol,phishing
http://allegrolokalnie.193x64h17.lol,phishing
http://allegrolokalnie.26352717.xyz,phishing
http://allegrolokalnie.465866ie.top,phishing
http://allegrolokalnie.518128512.mom/oferta/rower-woom-2-zielony/63583,phishing
http://allegrolokalnie.5281921.click/oferta/rower-woom-2-czerwony/83053,phishing
http://allegrolokalnie.53928352.xyz/oferta/iphone-15-pro-89-kondycji-super-stan?fbclid=iwy2xjawt9sbjwzg9mbwv4dg4dywvtajewagjyawqrmw55rhbbbmexcefnbxgyt0pzcnrjbmfwcf9pzbaymjiwmzkxnzg4mjawodkyaaee_3diue_nkyy3sx64y4rxd-w6lyjhwl_dy9b1buktdhn25e22aubmbut6czq_aem_m,phishing
http://allegrolokalnie.5829125.mom/oferta/rower-woom-2-czerwony/66273,phishing
http://allegrolokalnie.5868182.club,phishing
http://allegrolokalnie.59619201.mom,phishing
http://allegrolokalnie.623413de.top,phishing
http://allegrolokalnie.623456ip.top,phishing
http://allegrolokalnie.623655tp.top,phishing
http://allegrolokalnie.624354er.top,phishing
http://allegrolokalnie.624454hr.top,phishing
http://allegrolokalnie.68128821.mom,phishing
http://allegrolokalnie.6812912.lat/oferta/laptop-gamingowy-msi-katana-17-b13v-i7-rtx-4060/08032,phishing
http://allegrolokalnie.68192561.mom,phishing
http://allegrolokalnie.707585.lol/oferta/id-n5hy8-konsola-sony-ps5-zestaw,phishing
http://allegrolokalnie.7234672.lol,phishing
http://allegrolokalnie.752976.lol,phishing
http://allegrolokalnie.7623523.lol/oferta/thule-velocompact-926-plus-nowy-adapter-na-4-rower,phishing
http://allegrolokalnie.7758199123.lat/steam-deck-oled-1tb/77382,phishing
http://allegrolokalnie.787273425.lol,phishing
http://allegrolokalnie.7v933.lat,phishing
http://allegrolokalnie.8019247.lol/oferta/sony-ps5-slim-disc-edition-cfi-2116--kontroler,phishing
http://allegrolokalnie.8235672.lol/oferta/ps5---disc-edition-playstation-5,phishing
http://allegrolokalnie.82357823.lol/oferta/ps5---disc-edition-playstation-5-2,phishing
http://allegrolokalnie.8375235.lol/oferta/keyboard-yamaha-sx700-2,phishing
http://allegrolokalnie.8767541.lat/oferta/id-1qr3w9po-konsola-sony-playstation-5-pro,phishing
http://allegrolokalnie.93047425.xyz,phishing
http://allegrolokalnie.aukcja-6211532.cfd/logowanie/32053,phishing
http://allegrolokalnie.bezpieczna-transakcja741026395817624.shop/offer?id=84bc88bca7d3400fa7666e1194d29f4e,phishing
http://allegrolokalnie.directshop.club,phishing
http://allegrolokalnie.hmmtl.sbs,phishing
http://allegrolokalnie.idd1r122v2.lol,phishing
http://allegrolokalnie.kup-teraz-691335.pl/oferta/nikon-z6-ii-grip-mb-n11-adapter-ftz-ii/uzwnnfputapodn4mtj,phishing
http://allegrolokalnie.kup-teraz-978143.pl/oferta/sony-a7-iii-body-4639-zdjec-bardzo-dobry-stan/aavnl7yzrb8hvyurnn,phishing
http://allegrolokalnie.kupteraz429199421.xyz,phishing
http://allegrolokalnie.letnie-okazje1194875705.cyou,phishing
http://allegrolokalnie.letnie-okazje199547571.cyou,phishing
http://allegrolokalnie.letnie-okazje4332131.click,phishing
http://allegrolokalnie.letnie-okazje874661501.cyou,phishing
http://allegrolokalnie.letnie-okazje889382104.bond,phishing
http://allegrolokalnie.lokala-ofera812911.sbs,phishing
http://allegrolokalnie.lokala-ofera812911.sbs/oferta/dji-mini-4-pro-fly-more-combo-z-zestawem-filtr%C3%B3w-nd-kompletny-zestaw/545528509,phishing
http://allegrolokalnie.lokala-ofeta891.sbs,phishing
http://allegrolokalnie.lokalna--927162.lol,phishing
http://allegrolokalnie.lokalna-02019.sbs,phishing
http://allegrolokalnie.lokalna-029481.sbs,phishing
http://allegrolokalnie.lokalna-048261.sbs,phishing
http://allegrolokalnie.lokalna-0493729.sbs,phishing
http://allegrolokalnie.lokalna-0498215.sbs,phishing
http://allegrolokalnie.lokalna-067.sbs,phishing
"http://allegrolokalnie.lokalna-067.sbs/oferta/iphone-15-pro-max-256gb-%E2%80%93-stan-bardzo-dobry,-bateria-85%25/403776388?fbclid=iwcgrvzgflehrua2flbqixmqbzcnrjbmfwcf9pzawznta2odu1mze3mjgaar76mqm4skywedh6oqjfqfhnlhapiqulxds7f2wuxib3navzia-ghykan1rd3q_aem_mk0omfgnus6u_jl9tua84q",phishing
http://allegrolokalnie.lokalna-1948244.sbs,phishing
http://allegrolokalnie.lokalna-199101.sbs/oferta/rtx-4070ti-super-16gb-gigabyte-gaming-oc/452220778,phishing
http://allegrolokalnie.lokalna-2328222239.lol,phishing
http://allegrolokalnie.lokalna-443.sbs,phishing
http://allegrolokalnie.lokalna-482012.sbs,phishing
http://allegrolokalnie.lokalna-4930237.sbs,phishing
http://allegrolokalnie.lokalna-532424.sbs,phishing
http://allegrolokalnie.lokalna-535424.sbs,phishing
http://allegrolokalnie.lokalna-593812.sbs,phishing
http://allegrolokalnie.lokalna-638424.sbs,phishing
http://allegrolokalnie.lokalna-666.sbs,phishing
http://allegrolokalnie.lokalna-7336163.lol,phishing
http://allegrolokalnie.lokalna-8128.sbs,phishing
http://allegrolokalnie.lokalna-833.sbs,phishing
http://allegrolokalnie.lokalna-83726.sbs/oferta/sprzedam-ma%C5%82o-u%C5%BCywane-g%C5%82o%C5%9Bniki-jbl-partybox-1000/468504786?fbclid=iwy2xjawtscslwzg9mawv4dg4dywvtajewagjyawqrmevtvwxurgl0n3hnzdzcr0rzcnrjbmfwcf9pzbaymjiwmzkxnzg4mjawodkyaaee4w3opdtew89oru8x4jq6lbmy5jb8u-sboy20urvy0cozncansrcooizhsgg_aem_2xkknxbp6trlcpd3nl0wcq,phishing
http://allegrolokalnie.lokalna-8487391.sbs,phishing
http://allegrolokalnie.lokalna-849641.sbs,phishing
http://allegrolokalnie.lokalna-858304.sbs,phishing
http://allegrolokalnie.lokalna-93821.sbs,phishing
http://allegrolokalnie.lokalna-948271.sbs,phishing
http://allegrolokalnie.lokalna-958204.sbs,phishing
http://allegrolokalnie.lokalna-9938201.sbs,phishing
http://allegrolokalnie.lokalna-ofera43267.lol/oferta/playstation-5-pro-z-nap%C4%99dem-i-kontrolerem---zadbana/676558588,phishing
http://allegrolokalnie.lokalna-ofera567230.lol,phishing
http://allegrolokalnie.lokalna-ofera81112191.sbs,phishing
http://allegrolokalnie.lokalna-ofera812712.sbs,phishing
http://allegrolokalnie.lokalna-ofera930133.lol,phishing
http://allegrolokalnie.lokalna-oferta23761.lol,phishing
http://allegrolokalnie.lokalna-oferta4132687.lol,phishing
http://allegrolokalnie.lokalna-oferta57641.lol,phishing
http://allegrolokalnie.lokalna-oferta742345.lol,phishing
http://allegrolokalnie.lokalna-oferta742346.lol,phishing
http://allegrolokalnie.lokalna-oferta7849234.lol,phishing
http://allegrolokalnie.lokalna-oferta7849314.lol,phishing
"http://allegrolokalnie.lokalna-oferta7985432.lol/oferta/playstation-5-pro-z-nap%C4%99dem-%E2%80%93-w%C5%82%C4%85czona-1-raz,-gwarancja-",phishing
"http://allegrolokalnie.lokalna-oferta7985432.lol/oferta/playstation-5-pro-z-napedem-%96-wlaczona-1-raz,-gwarancja-",phishing
http://allegrolokalnie.lokalna-oferta839122.lol,phishing
http://allegrolokalnie.lokalna-oferta8849231.lol,phishing
http://allegrolokalnie.lokalna-oferta90312.lol,phishing
http://allegrolokalnie.lokalna-oferta9813434.lol,phishing
http://allegrolokalnie.lokalna-oferta9813434.lol/oferta/jacuzzi-ogrodowe-6-osobowe-z-podswietlenirm-led/944630904,phishing
http://allegrolokalnie.lokalna-ofeta00534234.lol,phishing
http://allegrolokalnie.lokalna-ofeta054723231.lol,phishing
http://allegrolokalnie.lokalna-ofeta064623324.lol,phishing
http://allegrolokalnie.lokalna-ofeta0675421323.lol,phishing
http://allegrolokalnie.lokalna-ofeta1224178.lol/oferta/jacuzzi-mspa-camaro-6-os%C3%B3b-1000l-jak-nowe/763975002,phishing
http://allegrolokalnie.lokalna-ofeta16x3v0yj934b75v0.shop,phishing
http://allegrolokalnie.lokalna-ofeta287689142.sbs/oferta/steam-deck-oled-512gb-pi%C4%99kny-stan/924254963,phishing
http://allegrolokalnie.lokalna-ofeta287689147.sbs,phishing
http://allegrolokalnie.lokalna-ofeta28921.sbs/oferta/hulajnoga-elektryczna-kukirin-g4-tylko-213km-przebiegu/792792601,phishing
http://allegrolokalnie.lokalna-ofeta29890126.cfd,phishing
http://allegrolokalnie.lokalna-ofeta72822.lol/oferta/hulajnoga-elektryczna-kukirin-g4-stan-jak-nowa/868919240,phishing
http://allegrolokalnie.lokalna-ofeta7891987121.sbs,phishing
http://allegrolokalnie.lokalna-ofeta843673458.lol,phishing
http://allegrolokalnie.lokalna-ofeta9914122115.sbs,phishing
http://allegrolokalnie.lokalna1117483.lol,phishing
http://allegrolokalnie.lokalna1291292.lol,phishing
http://allegrolokalnie.lokalna1745631.lol,phishing
http://allegrolokalnie.lokalne-383712.lol,phishing
http://allegrolokalnie.nr-032789432.lol,phishing
http://allegrolokalnie.nr-2389842ms2.lol,phishing
http://allegrolokalnie.nr-32843m32.lol,phishing
http://allegrolokalnie.nr-4378932ms23.lol,phishing
http://allegrolokalnie.nr-832904m234.lol/oferta/playstation-5-slim-z-nap%C4%99dem-1tb-super-stan/818694373,phishing
http://allegrolokalnie.ofera2939934349.shop,phishing
http://allegrolokalnie.ofera783727222.shop,phishing
http://allegrolokalnie.ofera8932882822.shop,phishing
http://allegrolokalnie.oferta-2117324.cfd/logowanie/13362,phishing
http://allegrolokalnie.oferta-2117324.cfd/logowanie/32053,phishing
http://allegrolokalnie.oferta-2378451.cfd/logowanie/13362,phishing
http://allegrolokalnie.oferta-247157.cfd/oferta/sprzedam-ponton-kolibri-330/22506,phishing
http://allegrolokalnie.oferta-285749.cfd,phishing
http://allegrolokalnie.oferta-287451.cfd/logowanie/13362,phishing
http://allegrolokalnie.oferta-422362.cfd,phishing
http://allegrolokalnie.oferta-7654127.cfd/logowanie/13362,phishing
http://allegrolokalnie.oferta-7654127.cfd/logowanie/32053,phishing
http://allegrolokalnie.oferta-875461.cfd/logowanie/32053,phishing
http://allegrolokalnie.oferta-id3829691052.shop,phishing
http://allegrolokalnie.oferta-lokalana37198264.sbs,phishing
http://allegrolokalnie.oferta-lokalana684538913895.shop/oferta/xbox-series-x-z-kontrolerem-jak-nowy/479635380,phishing
http://allegrolokalnie.oferta-lokalana694502304235.lol,phishing
http://allegrolokalnie.oferta-lokalana989714.lol,phishing
http://allegrolokalnie.oferta-lokalna8654968923445.shop,phishing
http://allegrolokalnie.oferta-lokalna8943961432.cfd,phishing
http://allegrolokalnie.oferta1122738485522.xyz/offer?id=dcb49b9c657143db8cf063ab83604da4,phishing
http://allegrolokalnie.oferta194178214141.sbs,phishing
http://allegrolokalnie.oferta274vw9b5x2l0.rest,phishing
http://allegrolokalnie.oferta389212.click,phishing
http://allegrolokalnie.oferta394zqg2j93f9ml9.online,phishing
http://allegrolokalnie.oferta4135426562.lat,phishing
http://allegrolokalnie.oferta50526396.xyz,phishing
http://allegrolokalnie.oferta659282.click/oferta/playstation-5-pro-w-zestawie-z-kontrolerem/306771737,phishing
http://allegrolokalnie.oferta6623738445522.xyz,phishing
http://allegrolokalnie.oferta712273848492.xyz,phishing
http://allegrolokalnie.oferta823161.click,phishing
http://allegrolokalnie.oferta837412.click,phishing
http://allegrolokalnie.ofertaa4506203531652.cfd/oferta/nowy-glosnik-jbl-party-box-stage-320?fbclid=iwy2xjawtyz1lwzg9mbwv4dg4dywvtajewagjyawqrmgviqwzkcxpzvnngttr0m1fzcnrjbmfwcf9pzbaymjiwmzkxnzg4mjawodkyaaeesqytzlmjzl8b9-n5sxrr8pou5bfjhhyey6s2jrztzdpcxjokub9bwddrl_q_aem_eu0my-4987sndvylzi-icg,phishing
http://allegrolokalnie.ofeta-71903.lat,phishing
http://allegrolokalnie.pi-0910.shop,phishing
http://allegrolokalnie.pi-lokaina391.sbs,phishing
http://allegrolokalnie.pl-0589124794.lol,phishing
http://allegrolokalnie.pl-109772.cfd/logowanie/32053,phishing
http://allegrolokalnie.pl-121212.lol/oferta/kukirin-g2-master-2025?fbclid=iwy2xjawtwd-fwzg9mawv4dg4dywvtajewagjyawqrmfm0zm5zdfhwzhdocuvlclnzcnrjbmfwcf9pzbaymjiwmzkxnzg4mjawodkyaaeeqmzbogyp5o6ufebqvnos5qjw2ggqzw8e-stdi5metuga5h8ynfbrjmrrus0_aem_ho02kuszqwifne_pmwkvka,phishing
http://allegrolokalnie.pl-3146728.lol,phishing
http://allegrolokalnie.pl-34592676320.lat,phishing
http://allegrolokalnie.pl-45566.top,phishing
http://allegrolokalnie.pl-473935.sbs,phishing
http://allegrolokalnie.pl-489689124.lol,phishing
http://allegrolokalnie.pl-583742.lol/oferta/sony-playstation-5-pro-2tb-cfi-7121-konsola-nowa-z-gwarancja,phishing
http://allegrolokalnie.pl-62885439.click,phishing
http://allegrolokalnie.pl-638466384.click,phishing
http://allegrolokalnie.pl-6728618.shop,phishing
http://allegrolokalnie.pl-68212.top,phishing
http://allegrolokalnie.pl-6825810.xyz,phishing
http://allegrolokalnie.pl-743289.lol,phishing
http://allegrolokalnie.pl-74553845.click,phishing
http://allegrolokalnie.pl-746373638.click,phishing
http://allegrolokalnie.pl-7543235678.click,phishing
http://allegrolokalnie.pl-754347742.click,phishing
http://allegrolokalnie.pl-831249.lol/oferta/PlayStation-5-2TB/234150261,phishing
http://allegrolokalnie.pl-83mk35z.lol,phishing
http://allegrolokalnie.pl-847261842.lol,phishing
http://allegrolokalnie.pl-893057502435.icu,phishing
http://allegrolokalnie.pl-h09358746855oferta926628362883.site,phishing
http://allegrolokalnie.pl-h4318638262929oferta926273872739.site,phishing
http://allegrolokalnie.pl-of19854.shop/oferta/id-5sggxgb5d-pellet-drzewnyheizfuxx4tonywysylkadowoz,phishing
http://allegrolokalnie.pl-of19854.shop/oferta/nowy-kociol-na-pellet-kolton-pellnano-12-kw-or-gwarancja-5-lat-or-faktura,phishing
http://allegrolokalnie.pl-ofera674892180.cfd,phishing
http://allegrolokalnie.pl-oferta-lokalna2689433.live/oferta/ps5-pro-biala-z-dwoma-kontrolerami-zestaw/186975172,phishing
http://allegrolokalnie.pl-oferta-prywatna7484657.click,phishing
http://allegrolokalnie.pl-oferta2691457.shop,phishing
http://allegrolokalnie.pl-oferta2940581.shop,phishing
http://allegrolokalnie.pl-oferta37377382.sbs,phishing
http://allegrolokalnie.pl-oferta553636.cfd,phishing
http://allegrolokalnie.pl-oferta594583.shop,phishing
http://allegrolokalnie.pl-oferta646478.cfd,phishing
http://allegrolokalnie.pl-oferta647921638.shop/offer?id=f78dc173af044c5d9fd12a4e310323e3,phishing
http://allegrolokalnie.pl-oferta68902840231235.click,phishing
http://allegrolokalnie.pl-oferta6893457623479.sbs,phishing
http://allegrolokalnie.pl-oferta71916481442.lol,phishing
http://allegrolokalnie.pl-oferta7329836.lol,phishing
http://allegrolokalnie.pl-oferta739167821.shop,phishing
http://allegrolokalnie.pl-oferta746812.cfd,phishing
http://allegrolokalnie.pl-oferta748697863.cfd,phishing
http://allegrolokalnie.pl-oferta812281.lol,phishing
http://allegrolokalnie.pl-oferta812281.lol/oferta/kingston-fury-beast-ddr5-ram-64gb-2x32gb-6000mhz/689589347,phishing
http://allegrolokalnie.pl-oferta81811.sbs,phishing
http://allegrolokalnie.pl-oferta87292344.shop,phishing
http://allegrolokalnie.pl-oferta87412.xyz/oferta/iphone-17-pro-max-256gb-gwarancja-do-konca-2026,phishing
http://allegrolokalnie.pl-oferta8745329.lol,phishing
http://allegrolokalnie.pl-oferta89657082415.shop,phishing
http://allegrolokalnie.pl-oferta896712.lol,phishing
http://allegrolokalnie.pl-oferta91281.sbs,phishing
http://allegrolokalnie.pl-oferta976623.shop,phishing
http://allegrolokalnie.pl-oferta9810.lol,phishing
http://allegrolokalnie.pl-oferta981912111.sbs,phishing
http://allegrolokalnie.pl-oferta983795.lol,phishing
http://allegrolokalnie.pl-ogloszenie5672994334.lol,phishing
http://allegrolokalnie.pl-ogloszenie6753998232.lol,phishing
http://allegrolokalnie.pl-ogloszenie8913.icu,phishing
http://allegrolokalnie.pl01972.cam/oferta/hulajnoga-kukirin-g4-2026/235356191,phishing
http://allegrolokalnie.pl02.cam,phishing
http://allegrolokalnie.pl39343.top,phishing
http://allegrolokalnie.pl4365.lol/oferta/xiaomi-17t-pro-512gb,phishing
http://allegrolokalnie.pl4365.lol/oferta/xiaomi-17t-pro-512gb%22,phishing
http://allegrolokalnie.pl64378.top,phishing
http://allegrolokalnie.pl72416.top,phishing
http://allegrolokalnie.pl78453.top,phishing
http://allegrolokalnie.pl789173.shop,phishing
http://allegrolokalnie.platnosc402199421.xyz,phishing
http://allegrolokalnie.plkuptera732183278681.bond/oferta/playstation-5-z-nap%C4%99dem-3-pady-i-gry/171056586,phishing
http://allegrolokalnie.plkupteraz232713614.sbs,phishing
http://allegrolokalnie.plkupteraz27182632.bond,phishing
http://allegrolokalnie.plkupteraz673218543611.shop,phishing
http://allegrolokalnie.plkupteraz732185943781.click,phishing
http://allegrolokalnie.plkupteraz732185943781.click/oferta/Konsola-PS5-z-nap%C4%99dem/253041303,phishing
http://allegrolokalnie.pln642.lol,phishing
http://allegrolokalnie.pln738.lol/oferta/id-13e2do-witam-sprzedam-nowy-oryginalny-procesor-amd-ryzen-7-5800x3d,phishing
http://allegrolokalnie.ploferta23189192.rest,phishing
http://allegrolokalnie.ploferta3217832819.sbs,phishing
http://allegrolokalnie.rezerwacja5623.lol/oferta/konsola-ps5-slim-1tb-nap%C4%99d-gry-3-pady-gwarancja/539259179,phishing
http://allegrolokalnie.rezerwacja7472.click,phishing
http://allegrolokalnie.rezerwacja7624.lol/oferta/playstation-5-slim-1tb-nap%C4%99d-34-gry-cfji-2016a-gwarancja/194421945,phishing
http://allegrolokalnie.shttp.sbs,phishing
http://allegrolokalnie.smart-92612.cfd/oferta/id-xv5ya49-duzy-basen-stelazowy-intex-ultra-xtr-549x274x132-pelny-zestaw,phishing
http://allegrolokalnie.smart-93572.cfd,phishing
http://allegrolokalnie.smart-94832.cfd,phishing
http://allegrolokalnie.sthml.sbs,phishing
http://allegrolokalnie.su293bdi6j0n.shop,phishing
http://allegrolokalnie.wb27ks827ks6b5.shop,phishing
http://allegrolokalnie.xve38js8s03k.surf/oferta/DJI-Mini-4-Pro-Nowy-nieaktywowany-z-gwarancj?id=7E2D8t6K5o3H8K4k8m9n5i6C5W8g7Q4B,phishing
http://amazonstocksgo.co,phishing
http://ambato-online2.webcindario.com/index.html,phishing
http://apchanrun.com,phishing
http://app.bancosolpromocion.com/,phishing
http://app.revinatee.net,phishing
http://artemis-africa.com/redirect/,phishing
http://atualizacao-netempresasonline.digital,phishing
http://auths-io-coinsquare-sso-sso.webflow.io/,phishing
http://avocent.netlify.app,phishing
http://bc16.vercel.app/,phishing
http://bill.remote-otp.com/?rid=SCTzS7H,phishing
http://br1-omega.vercel.app/,phishing
http://bruceleephilosophy.com/texts/,phishing
http://business-meta.iwenyan.com/,phishing
http://bwbank-auth.com/,phishing
http://bybit-login-app.typedream.app/,phishing
http://cajasarequipa.pe,phishing
http://candid-pastelito-abd07b.netlify.app/,phishing
http://ccygttv2h.duckdns.org/,phishing
http://chatbradesco.com,phishing
http://chatjuridico.chat/,phishing
http://chicavas.com,phishing
http://chirsfei.com,phishing
http://claim-09.netlify.app/,phishing
http://claim-0az.netlify.app/,phishing
http://claim-3jb.netlify.app/,phishing
http://claim-4wr.netlify.app/,phishing
http://claim-771.netlify.app/,phishing
http://claim-8e.netlify.app/,phishing
http://claim-9kd.netlify.app/,phishing
http://claim-9y.netlify.app/,phishing
http://claim-acs.netlify.app/,phishing
http://claim-b8q.netlify.app/,phishing
http://claim-dmu.netlify.app/,phishing
http://claim-dp.netlify.app/,phishing
http://claim-ezb.netlify.app/,phishing
http://claim-fak.netlify.app/,phishing
http://claim-fb.netlify.app/,phishing
http://claim-fjh.netlify.app/,phishing
http://claim-fn2.netlify.app/,phishing
http://claim-fod.netlify.app/,phishing
http://claim-fsf.netlify.app/,phishing
http://claim-gli.netlify.app/,phishing
http://claim-gpq.netlify.app/,phishing
http://claim-gu.netlify.app/,phishing
http://claim-gy.netlify.app/,phishing
http://claim-hx.netlify.app/,phishing
http://claim-ia.netlify.app/,phishing
http://claim-ib.netlify.app/,phishing
http://claim-ihu.netlify.app/,phishing
http://claim-ip.netlify.app/,phishing
http://claim-jzv.netlify.app/,phishing
http://claim-k7w.netlify.app/,phishing
http://claim-khw.netlify.app/,phishing
http://claim-ks.netlify.app/,phishing
http://claim-nq.netlify.app/,phishing
http://claim-nz0.netlify.app/,phishing
http://claim-ojo.netlify.app/,phishing
http://claim-oov.netlify.app/,phishing
http://claim-pc4.netlify.app/,phishing
http://claim-ped.netlify.app/,phishing
http://claim-pj2.netlify.app/,phishing
http://claim-qcx.netlify.app/,phishing
http://claim-qj.netlify.app/,phishing
http://claim-qry.netlify.app/,phishing
http://claim-rsp.netlify.app/,phishing
http://claim-s1d.netlify.app/,phishing
http://claim-sl.netlify.app/,phishing
http://claim-t8.netlify.app/,phishing
http://claim-ta.netlify.app/,phishing
http://claim-tko.netlify.app/,phishing
http://claim-tn5.netlify.app/,phishing
http://claim-udp.netlify.app/,phishing
http://claim-up.netlify.app/,phishing
http://claim-uzx.netlify.app/,phishing
http://claim-v1.netlify.app/,phishing
http://claim-v10.netlify.app/,phishing
http://claim-va.netlify.app/,phishing
http://claim-vd.netlify.app/,phishing
http://claim-x7k.netlify.app/,phishing
http://claim-xx.netlify.app/,phishing
http://claim-ya3.netlify.app/,phishing
http://claim-yi.netlify.app/,phishing
http://claim-zxx.netlify.app/,phishing
http://cloud.shikarathekashmirspride.com/meeting/,phishing
http://club4patas.com,phishing
http://community.pb3.duckdns.org/,phishing
http://communityvotecenter-ux.netlify.app/,phishing
http://connect-pages-healthequity-5f9.pages.dev,phishing
http://continental.iceiy.com/?i=1,phishing
http://core.pb3.duckdns.org/,phishing
http://cp.handhonline.net/~techbaza/post,phishing
http://cp.handhonline.net/~techbaza/post/,phishing
http://credip-1-chinch-ec--credipich1cha.replit.app/,phishing
http://crypto-ah4.netlify.app/,phishing
http://crypto-egp.netlify.app/,phishing
http://crypto-kms.netlify.app/,phishing
http://dbs-secure.vercel.app?entity=31321,phishing
http://delicate-horse-3bbb09.netlify.app/,phishing
http://delivery.ce.classplus.co/DRBVAFYVFJT?id=178324=dxpUVVQKAVNQTQJfB1cFDwsHUApUBgkAU1AMUQ4AWVIMUlAGUgRQV1UEUQQAU1BSCwRPWVdSVkdXFUZeVA4WA1UKCQERclUMBVgISAdeW0oJAgsFBAcOAABXBAAHVwFTDBoMEBdCCE5LVQEKDUdTREEbUFYcUFRWRRJEW0IWFgJbSSA2IWRzJz1nIiwwDl9SREMA&amp;fl=XBIQFBAIHU4UQw0LARxAX1xQXB1TQ0g=&amp;ext=dG9rZW49ZGViOWM5NDE=,phishing
http://diagnostico.huana.mx/,phishing
http://disney100.pages.dev,phishing
http://dwtreinamentos.com.br/olz,phishing
http://e7ukw6p.duckdns.org,phishing
http://ed2acwp64.duckdns.org,phishing
http://eligesaber.com,phishing
http://equinor-landingpage.my.canva.site,phishing
http://er-zimbr.netlify.app/,phishing
http://eterlio.com/m/service/statics/index.php,phishing
http://evm-claimrr.netlify.app/,phishing
http://exploreuphold.zapier.app/,phishing
http://extranet.pb3.duckdns.org/,phishing
http://facebook1019key.blogspot.com/,phishing
http://facebookzaman.blogspot.com/,phishing
http://flowcode.com/p/eRMpa0VYT5?fc=0,phishing
http://fltcuc.duckdns.org,phishing
http://frosttreasurycomect.corn-iu-baking.top/,phishing
http://ft7djw.duckdns.org,phishing
http://futuremuseum-uae.webflow.io,phishing
http://garphios.mystagingwebsite.com/wp-content/plugins/gaweris/?entity=31321,phishing
http://gestaodeempresas.info,phishing
http://getaccesstosafepalassetsonline.pages.dev,phishing
http://ghas9grg.duckdns.org,phishing
http://globusmedical.passkeyconnect.com,phishing
http://green-dot-web.netlify.app,phishing
http://help.pb3.duckdns.org/,phishing
http://home.edge-whotssapp.com.cn/,phishing
http://hq.pb3.duckdns.org/,phishing
http://hse-ire.com/,phishing
http://hulu-customer-support.pages.dev,phishing
http://hy.iudxed.com/ftx/page.html,phishing
http://ibuscar-icloud.com/Y4em5,phishing
http://ibuscar-icloud.com/expire/?2,phishing
http://identcivfy.top/,phishing
http://instagram-login-authentication.duckdns.org/,phishing
http://iocoj3.duckdns.org,phishing
http://ipengchang.com,phishing
http://iridescent-bombolone-aefb02.netlify.app/,phishing
http://itauu.vercel.app,phishing
http://itauu.vercel.app/abrir.html,phishing
http://j7etp5jf.duckdns.org,phishing
http://jfhdgsbfvkjhbghn-dpgmzktm6lx5.edgeone.dev/,phishing
http://juridicoempresas.net,phishing
http://jwhitemedia.com,phishing
http://kdqf7i.duckdns.org,phishing
http://kleinanzeigen-bestellung.my111.net/,phishing
http://kostroma.pb3.duckdns.org/,phishing
http://ks-gov.us-onedrive.com/,phishing
http://kxlrq170nhw-fghzdfyn-3y8x0g-wp611a.pages.dev/,phishing
http://ledger-portal-cliente.pages.dev/,phishing
http://link.bitpie-blockchain.com/,phishing
http://loglnportalesbanchile.com,phishing
http://loja2026.webcindario.com/index.html,phishing
http://lyncdiscover.pb3.duckdns.org/,phishing
http://mail.alpha-f2e2.fr,phishing
http://mail.delta-0b19.fr,phishing
http://mail.delta-4a73.net,phishing
http://mail.inboxgate-cd28.fr,phishing
http://mail.mailflow-4fb8.fr,phishing
http://mail.matrix-c4ba.net,phishing
http://mail.nova-0a5a.fr,phishing
http://mail.prime-9383.com/,phishing
http://mail.pulse-0638.com,phishing
http://mail.sendhub-a4b7.net,phishing
http://mail.sigma-3e69.fr,phishing
http://mail.sigma-8911.net,phishing
http://mail.swift-eeb2.com,phishing
http://memberrewards.netlify.app/,phishing
http://members.pb3.duckdns.org/,phishing
http://mentaclean.com/wp-content/plugins/nmsicdi/boalink.html,phishing
http://messenger-verrification-supporst.us/,phishing
http://metamschronextens.gitbook.io/,phishing
http://metamzklgen.gitbook.io/us,phishing
http://mgpxq.com/vjnLESYL,phishing
http://mi.pb3.duckdns.org/,phishing
http://midasbuys.claimskinevents.com/PUBGmobile/,phishing
http://mmcglobal.passkeyconnect.com,phishing
http://mnneammnskklogon.gitbook.io/us,phishing
http://moonshot-listing-2ee.netlify.app/,phishing
http://moonshot-listing-2q0.netlify.app/,phishing
http://moonshot-listing-3ph.netlify.app/,phishing
http://moonshot-listing-5lf.netlify.app/,phishing
http://moonshot-listing-efw.netlify.app/,phishing
http://moonshot-listing-n06.netlify.app/,phishing
http://moonshot-listing-rbl.netlify.app/,phishing
http://moonshot-listing-sj1.netlify.app/,phishing
http://moxie-affirm.my.canva.site,phishing
http://mtaextesion.gitbook.io/,phishing
http://mtoken.baby/,phishing
http://mumble.pb3.duckdns.org/,phishing
http://mycgodahub.netlify.app,phishing
http://n9lat9ac.duckdns.org,phishing
http://ne12netempresas.com,phishing
http://nem8b0zt8o.aminnilc.info/l/DxB5NctWkTk/,phishing
http://netempresabia.help,phishing
http://netempresagerenciapj.app,phishing
http://newcheckeligibilitypage-ux.netlify.app/,phishing
http://newweeklyscorevoting-ui.netlify.app/,phishing
http://nous-legal.com/wwp/ap-backup.html,phishing
http://novalisari.sbs,phishing
http://nt.efxaxl.com/cignatureenergy/cignatureenergy.html,phishing
http://nt.efxaxl.com/shavestix/shavestix.html,phishing
http://nuevoapps.vercel.app/?entity=10901746,phishing
http://oficial-icloud.com/expire/?2,phishing
http://oficial-icloud.com/ulROs,phishing
http://opennewpageallocation-ui.netlify.app/,phishing
http://openterminalallocation-ui.netlify.app/,phishing
http://optiver-app.netlify.app,phishing
http://ovb2rh9n.duckdns.org/,phishing
http://patrimonioememoriacolectiva.pt/zotac/,phishing
http://pc-spotify.cn/,phishing
http://pedagio-cobr.centralrelacionamentocliente.biz.ua/passagens/,phishing
http://pemenang-shopee4.blogspot.com/,phishing
http://person-sp.com,phishing
http://petrozavodsk.pb3.duckdns.org/,phishing
http://piratebaysports.weebly.com/blog/download-avon-advantage-program-free,phishing
http://pl-acs.eu.cc/,phishing
http://player.pb3.duckdns.org/,phishing
http://plus-disney-clone.netlify.app,phishing
http://pro.pb3.duckdns.org/,phishing
http://proxy-test-001.pages.dev/en-us/,phishing
http://qf2708.craftum.io/,phishing
http://r6i1i0y7h.duckdns.org,phishing
http://roguecu25b.pages.dev,phishing
http://rrn1vzzuk.duckdns.org,phishing
http://secure----bybit-login.typedream.app/,phishing
http://secure-server-landing-page--richmanagementt.replit.app/,phishing
http://security-server--coopersinterior.replit.app/,phishing
http://securitycheck-coinbase.com,phishing
http://sendusdtbsc.vercel.app/,phishing
http://site-3da5qr19c.godaddysites.com/,phishing
http://skin.pb3.duckdns.org/,phishing
http://slotbanksinarmas.pages.dev,phishing
http://social.pb3.duckdns.org/,phishing
http://sp22ct-tavur-biz-pemi-loku-a9z.pages.dev/,phishing
http://sp23ct-lunav-biz-kerol-zavim.pages.dev/,phishing
http://sp23ct-ravel-biz-kunor-melix.pages.dev/,phishing
http://sp30ct-munok-biz-zarix-kemel.pages.dev/,phishing
http://squarespace-me-affiliates.squarespace.com,phishing
http://sr.pb3.duckdns.org/,phishing
http://steward-site-builder.pages.dev,phishing
http://stonex-website.pages.dev,phishing
http://suivre6522m.hub463167.pro/,phishing
http://suivre6522m.hub463167.pro/captcha.php,phishing
http://tactica7.com.mx/plala/jpn/webmai1/index.php,phishing
http://tc.pb3.duckdns.org/,phishing
http://tiny.cc/i1v9101,phishing
http://tmod-servey.netlify.app,phishing
http://track.pb3.duckdns.org/,phishing
http://trezrstartpublic-com-en-auths.typedream.app/,phishing
http://uniparkpay.shop/,phishing
http://up-huld-portal-eng.zapier.app/,phishing
http://upholdl-walelt-account.zapier.app/,phishing
http://upstore-web.pages.dev,phishing
http://usc1.contabostorage.com/4c3a9686c5ed4ab89fb99968a0174ffc:ooo/Inv143.html,phishing
http://v2-ag.pb3.duckdns.org/,phishing
http://vertiv-command-center.pages.dev,phishing
http://visionary-puffpuff-7134fd.netlify.app,phishing
http://waltester-official-program.vercel.app/,phishing
http://willowy-moxie-4d085f.netlify.app/blog/what-is-connect-token,phishing
http://wizzair.neocities.org,phishing
http://wptjn2k07dr-yrpkwlpw-9v4t2d-yr144a.pages.dev/,phishing
http://www.5klandaxax5.blogspot.com/,phishing
http://www.67455.xyz/,phishing
http://www.74239.vip/,phishing
http://www.aatomicalletextension.weebly.com/,phishing
http://www.accessstays.com/92b4b/,phishing
http://www.alawifns2026terma.blogspot.com/?m=1,phishing
http://www.allegro-lokalnie.1039837h53.shop,phishing
http://www.allegro-lokalnie.oferta1758691.click,phishing
http://www.allegro-lokalnie.pl-489689124.lol,phishing
http://www.allegro-lokalnie.pl-589679353.lol,phishing
http://www.allegro-lokalnie.pl-oferta57423598.shop,phishing
http://www.allegro-lokalnie.pl-ogloszenia-firmowe-id-883823.click,phishing
http://www.allegro-lokalnie.pl-ogloszenia-firmowe8827323.click,phishing
http://www.allegro.ofep23891.shop,phishing
http://www.allegro.oferta878861.click,phishing
http://www.allegro.pl-25294.click,phishing
http://www.allegro.pl-589679353.lol,phishing
http://www.allegro.pl-ogloszenie5722931873.lol,phishing
http://www.allegrolokainie.pl-14982.click,phishing
http://www.allegrolokainie.prywatne7239.shop,phishing
http://www.allegrolokalne.pl-oferta7845hf5f.shop,phishing
http://www.allegrolokalne.pl-ogloszenia-firmowe8827323.click,phishing
http://www.allegrolokalnie.oferta1758691.click,phishing
http://www.allegrolokalnie.pl-234832.click,phishing
http://www.allegrolokalnie.pl-489689124.lol,phishing
http://www.allegrolokalnie.pl-5884747483.click,phishing
http://www.allegrolokalnie.pl-589679353.lol,phishing
http://www.allegrolokalnie.pl-62885439.click,phishing
http://www.allegrolokalnie.pl-74553845.click,phishing
http://www.allegrolokalnie.pl-746373638.click,phishing
http://www.allegrolokalnie.pl-77655.top,phishing
http://www.allegrolokalnie.pl-oferta-prywatna7484657.click,phishing
http://www.allegrolokalnie.pl-oferta57423598.shop,phishing
http://www.allegrolokalnie.pl-oferta746812.cfd,phishing
http://www.allegrolokalnie.pl-ogloszenia-firmowe-id-883823.click,phishing
http://www.allegrolokalnie.pl-ogloszenia-firmowe83842.click,phishing
http://www.apple-fruit.xyz/,phishing
http://www.apples-service-care21p1.vercel.app/,phishing
http://www.atomicwalet.weebly.com/,phishing
http://www.banco-pichincha.weebly.com/,phishing
http://www.claim-hadiah.vercel.app/,phishing
http://www.claimhere-robux.blogspot.com/,phishing
http://www.cliente-a-limpfeirao.shop,phishing
http://www.cutt.ly/https-roblox-com-users-66195453-profile/,phishing
http://www.eastlinkhgdghfjj.weebly.com/,phishing
http://www.emmanuelbarrault.com/wordpress/wp-content/plugins/hello-dolly/bb/,phishing
http://www.entertainmentmembers.com/,phishing
http://www.facebook-trial.vercel.app/,phishing
http://www.facebook1019key.blogspot.com/,phishing
http://www.facebookfakepage.blogspot.com/,phishing
http://www.facebookzaman.blogspot.com/,phishing
http://www.fb-meta-verified-75902.vercel.app/,phishing
http://www.gebyar-shopee2023.blogspot.com/,phishing
http://www.hadiahshopee3434.blogspot.com/,phishing
http://www.hadiahshopee552.blogspot.com/,phishing
http://www.hadiahshopee63.blogspot.com/,phishing
http://www.kurabiedes.com/wp-content/inv%20..php,phishing
http://www.layanan-shopee33.blogspot.com/,phishing
http://www.mart-homebd.com/,phishing
http://www.medicalremforuhd.com/,phishing
http://www.megaconnet.com/,phishing
http://www.netflix-clone-two-tau-79.vercel.app/,phishing
http://www.nuevoapps.vercel.app/,phishing
http://www.online-oubaosports.com/account/,phishing
http://www.onlinemyfiles.com/axisbank/authentication/userDetails/dashboard.php,phishing
http://www.page-portal-access-94e8b6.vercel.app/,phishing
http://www.page-portal-integrity-phxsqr.vercel.app/,phishing
http://www.phantom-phi.vercel.app/,phishing
http://www.projetomercadolivreversaoromulo.vercel.app/,phishing
http://www.r3m8w5tj1ctl.rironicmall.com/,phishing
http://www.rbxapp.vercel.app/,phishing
http://www.roblox.com.bn/games/15884350761/UPDATE-Bloody-Ragdoll-Engine-Remastered/,phishing
http://www.roblox.com.mu/communities/4467290837/Arts-Designers/,phishing
http://www.roblox.ly/users/9711617243/profile/,phishing
http://www.roxbro.wallst.ru/,phishing
http://www.serviciotmkamericanexpress.com/,phishing
http://www.shopee-id127.blogspot.com/,phishing
http://www.supermarketpdf.weebly.com/,phishing
http://www.tinyurl.com/y374sdm6/,phishing
http://www.undianresmishopee1212.blogspot.com/,phishing
http://www.v884.cc/,phishing
http://www.viniciusfrancoadvocacia.com.br/hub/,phishing
http://www.workflowtransformer.de/,phishing
http://www.y50v.top/,phishing
http://xav1tzvwf.duckdns.org,phishing
http://xd.demarchibrown.com.ar/iqglassgroup/,phishing
http://xvmsgateway.azurewebsites.net,phishing
http://z5n5ze.duckdns.org,phishing
http://zeydbuabj7367.com,phishing
http://zi5eq20hd.duckdns.org,phishing
http://zkev5l.duckdns.org,phishing
http://zncoydbh.duckdns.org,phishing
http://zotazo.mcpvia.workers.dev/documents/FR6A9588AC.pdf,phishing
https://03avtd.weebly.com/,phishing
https://0898yczc.com/uid_2652978755?ticket=WdZJEd6dNM,phishing
https://0e37e6ed-727f-469f-8fd4-4e262b9cdc59.s3.us-west-2.amazonaws.com/index.html,phishing
https://0hc2qc.info/article/t1q2mhcqm4,phishing
https://0oix-sare8.b1knvm.qpon/o/rgwyh/7323992762392576#selectedbank2&PSW_ER_VB,phishing
https://0s8k-x5e9-qtge.aflores-rorealty-com-s-account.workers.dev/598b16e94aacf51d?emai...,phishing
https://10.pb3.duckdns.org/,phishing
https://162.89.74.97.host.secureserver.net/scl.swisscom-kundenservice/CH-DE/,phishing
https://1fa319c4-3864-45da-a5dd-ba940a5fa215.pb3.duckdns.org/,phishing
https://1mvjc.app.link/KJSDlkjdKOSD,phishing
https://1ug2t33.hair/offers/axenmcwvz/invoices/nAHuhR,phishing
https://1url.at/www/robloxcom-users-274522882473-profile,phishing
https://2607pygnbcom.z13.web.core.windows.net/,phishing
https://2907pygnb.z13.web.core.windows.net/,phishing
https://2a35bc58-0cde-4c9d-8d85-26d01c262ba8.pb3.duckdns.org/,phishing
https://312ck.com/Iphone/,phishing
https://312ck.com/Iphone/invite.php,phishing
https://35g.cc3.mytemp.website/api/,phishing
https://367363.xyz/,phishing
https://3cud-je09-uln1.accounting-coralridgetowerssouth-com-s-account.workers.dev/90886...,phishing
https://3d08-4010-aa2d-88ca661975d1-12b085.netlify.app/sdd/wp_content/media/css/zm/zm.html,phishing
https://3j73he.skin/offers/skweohszx?send_id=EFycpW3GZicJ6QT5,phishing
https://3uwe63we.hair/offers/1d5epzty0?send_id=awxytlIAwOABfBsG,phishing
https://3weqa6pj.xyz/hlbn,phishing
https://40762eca-78db-459e-a91a-93fbf236de93.pb3.duckdns.org/,phishing
https://410a045e-5bd2-43db-9731-51eb4dd1eb08-00-1f1lxxftg2z8l.worf.replit.dev/,phishing
https://48.pb3.duckdns.org/,phishing
https://4ff0c1c3-d3d9-42f7-b2a9-710106b5fb86.pb3.duckdns.org/,phishing
https://4outl12.weebly.com/,phishing
https://4ueyhe.hair/offers/njhgcwuka/invoices/f2oBvV,phishing
https://523486.xyz/,phishing
https://686792.venvoox6.pro/,phishing
https://6a-lpost.shop/o/00olp/7309911045607424#selectedbank9,phishing
https://6d9d98b0-a858-41be-85b8-dfd3ad9f9331-00-2rwq1ehx6klt3.worf.replit.dev/,phishing
https://7565445654545463344654345543433322.blogspot.com/,phishing
https://7565445654545463344654345543433322.blogspot.com/?m=1,phishing
https://7hbz.com/fingerprint.php,phishing
https://7s-lpost.shop/o/00olp/7309911045607424#selectedbank9,phishing
https://7wk0-c0co-0t2l.dturcotte-predictms-com-s-account.workers.dev/1a8578e3f506d45a?e...,phishing
https://81fwspwm.r.us-east-1.awstrack.me/I0/010001a01b164a48-5bd40fa2-9e5e-4e5e-9a6e-458b5e3fe8b8-000000/J7HPH-N451_M9aF8pUx247_TN4Y=473,phishing
https://86488.lundivjcxk.pro/,phishing
https://864889.lundivjcxk.pro/,phishing
https://864891.lundivjcxk.pro/,phishing
https://864892.lundivjcxk.pro/,phishing
https://87.pb3.duckdns.org/,phishing
https://88879002123.weebly.com/,phishing
https://89.pb3.duckdns.org/,phishing
https://8b165878.pinme.dev/e9d3097b-a084-4d83-b66f-44434622aef7,phishing
https://973548018422773136.weebly.com/,phishing
https://9938273485733485677878365.blogspot.com/,phishing
https://9938273485733485677878365.blogspot.com/?m=1,phishing
https://9jg4qd105.com/Cxpu5t,phishing
https://Bradesco.apoiocorporativo.com,phishing
https://a06dd566-2b7a-43dd-91ac-5b41648b1fe5.pb3.duckdns.org/,phishing
https://a7v3n8m1x6q2k9r4dc.live,phishing
https://a7v3n8m1x6q2k9r4dc.live/,phishing
https://a7v3n8m1x6q2k9r4dc.live/p/KPJzIO77,phishing
https://a8rona.sbs/o/n0zc2/7319088730292480#selectedbank9,phishing
https://a9cary.qpon/o/n0zc2/7319088730292480#selectedbank9,phishing
https://aaofrx1mfv-76a5a3a10d.vercel.app/,phishing
https://aaofrx1mfv-76a5a3a10d.vercel.app/facebook-event-tracker-2479918204188462.html,phishing
https://aatomicalletextension.weebly.com/,phishing
https://abertoexpress.vercel.app/,phishing
https://ablewiu.weebly.com/,phishing
https://abos-prims.com/,phishing
https://abos-prims.com/index.php,phishing
https://abpconcept.shop/,phishing
https://acb4bf82-c2b5-4fc7-abbf-3a078798c3b3.pb3.duckdns.org/,phishing
https://acbuw7-q4to7p-thlker-5zjzjz9ly6.s3.us-east-1.amazonaws.com/12cnc81lsxx8ogmjsd9q2sac21wvdc,phishing
https://acc-support.eu.cc/,phishing
https://acces564294.pro/,phishing
https://acces564294.pro/captcha.php,phishing
https://account-att-com-cb52f4.webflow.io/,phishing
https://account-att-com-e1de65.webflow.io/,phishing
https://account-att-net.webflow.io/,phishing
https://account-audiomsg.wixsite.com/workspace,phishing
https://account-duolingo-lle0v.netlify.app/,phishing
https://account-duolingo-lle0v.netlify.app/index.html,phishing
https://accountoservoi1787402526936.2141811.meusitehostgator.com.br/moh/postfa,phishing
https://accountoservoi1787402526936.2141811.meusitehostgator.com.br/moh/postfa/login.php?lang=,phishing
https://accounts-earthlink-net-webmail.framer.website/,phishing
https://accountverify.au/?r=52af92bf-8b89-4435-b120-23b09c38ef78,phishing
https://accueil-notairedebelgiquefednot.weebly.com/,phishing
https://acesso-atendimentos-online.vercel.app/chat/index.html?placement=Instagram_Feed&amp;utm_source=FB&amp;utm_campaign=P95-B1-M93-larissa+%25E2%2580%2594+C%25C3%25B3pia%257C120252717842190526&amp;utm_medium=-%257C120252717842670526&amp;utm_content=-%257C120252717842660526&amp;utm_term=Instagram_Feed&amp;utm_id=120252717842190526&amp;fbclid=PAb21jcAT0DdtwZG9mAmV4dG4DYWVtATAAYWRpZAGrOTW11de-c3J0YwZhcHBfaWQPNTY3MDY3MzQzMzUyNDI3AAGn3oxbEuzLxYDQd3iBD3ZG3mpEy5aGxIiOldQBPIlUGOt5potv9JZXQa4-efE_aem_ZPJStO-E-7UdYV8uyZaLIg&amp;fbclid=PAcGRvZgJleHRuA2FlbQEwAGFkaWQBqzk1tdXXvnNydGMGYXBwX2lkDzU2NzA2NzM0MzM1MjQyNwABp96MWxLsy8WA0Hd4gQ92Rt5qRMuWhsSIjpXUATyJVBjreaaLb_SWV0GuPnnx_aem_ZPJStO-E-7UdYV8uyZaLIg&amp;twrclid=88523560418926848&amp;cpf=08917165303,phishing
https://acesso-cliente-central.page.gd/?utm_content=acao_pontos_nvk6f&amp;t=6a97ae09&amp;cid=331153&amp;ref=NV6UH5MD&amp;utm_source=canal&amp;utm_medium=expiracao?utm_source=email&amp;utm_medium=expiracao&amp;utm_content=cta_principal,phishing
https://acessoaoportal.pt/atend.php,phishing
https://acessodigitalprasuaempresa.online,phishing
https://acessonetempresaexclusivo.digital/chegue.php?token=13670049246a7c6ae3455964.07033790&amp;h=317a601536ae51fa8ed81dc05e29e37154e07192c577605463861ea902d4fa68,phishing
https://acessonetempresasapp.digital,phishing
https://acessopjbra.online/,phishing
https://acrd2026.vercel.app/,phishing
https://acs-fasclo.eu.cc/,phishing
https://action-sante.site/,phishing
https://action-sante.site/explain,phishing
https://activarcuentabhd-acceso.zya.me/,phishing
https://activarcuentabhd-validaciondatos.weebly.com,phishing
https://activarcuentabhd-validacionusuario.weebly.com,phishing
https://activat-securi.com/,phishing
https://actualizacionmicros.weebly.com/,phishing
https://adfs-sdstate-site.webflow.io/,phishing
https://adfs.pb3.duckdns.org/,phishing
https://adm.pb3.duckdns.org/,phishing
https://admin-panel-bpr-exc.pages.dev/about,phishing
https://admin-panel-bpr-exc.pages.dev/login,phishing
https://admin-support-nz.com/bsdf/wibdx,phishing
https://adminnfupanel-dpg54ztfrzuf.edgeone.dev/,phishing
https://admins.mzzrj.com/gateway.php?token=2b68b49637b06a774f9ee33ce32092565b54ac37a4cbaaffda54a0b228b8f4c9,phishing
https://admnvwyindhtm1.weebly.com/,phishing
https://advanced-monitoring9378.co/verify/5rQUkjVibgjgX9bMEomANTyt6ZOB18mf,phishing
https://advanced-monitoring9378.co/verify/DAxlldHmhmJyUCsbQlxLICgy-bUCzUy7,phishing
https://advanced-monitoring9378.co/verify/T_WQNxT1ApiYr0TR9Nd0hJ3cBHDibQGt,phishing
https://advanced-monitoring9378.co/verify/tHIo2ywy_iaOqgECaNEDw1zT5KPSGOMH,phishing
https://agoda-ambassador-dashboard.netlify.app/login,phishing
https://agodad-dubai.webflow.io/,phishing
https://agodarefund.netlify.app/,phishing
https://aide-xoom-rubrique.fr,phishing
https://aide-xoom-rubrique.fr/app,phishing
https://aispointsteamworkspace.myclickfunnels.com/a0079f7d61,phishing
https://alawifns2026terma.blogspot.com/?m=1,phishing
https://alegriadefimdeano.vercel.app/,phishing
https://alipay02.shop/soFbneFy,phishing
https://allegro-lokalnie.pl-53421.click,phishing
https://allegro-lokalnie.pl-589679353.lol,phishing
https://allegro-lokalnie.pl-ogloszenie6753998232.lol,phishing
https://allegro.03498g3.study/,phishing
https://allegro.03498g3.study/lokalnie/?id=4d2C3Y2P2i2S8k1J4Q6i4Y6K8c8b6R6B,phishing
https://allegro.03498g3.study/lokalnie/home?id=4d2C3Y2P2i2S8k1J4Q6i4Y6K8c8b6R6B,phishing
https://allegro.03498g3.study/lokalnie/mdata?id=4d2C3Y2P2i2S8k1J4Q6i4Y6K8c8b6R6B,phishing
https://allegro.1200000498.casa/,phishing
https://allegro.1200000498.casa/lokalnie/?id=1H5f9Q2H2G4n5v0T3O4X4R6X9z8a7j0h,phishing
https://allegro.1200000498.casa/lokalnie/home?id=1H5f9Q2H2G4n5v0T3O4X4R6X9z8a7j0h,phishing
https://allegro.1200000498.casa/lokalnie/mdata?id=1H5f9Q2H2G4n5v0T3O4X4R6X9z8a7j0h,phishing
https://allegro.12300hhbbcc.study/lokalnie/?id=1o9C7U5T7R3F6P7G2B6Z9a0s5P0Z6R7H,phishing
https://allegro.125789.click/,phishing
https://allegro.320029h8h8.forum,phishing
https://allegro.320029h8h8.forum/,phishing
https://allegro.3jio45io45no.click/,phishing
https://allegro.52399129gg.casa/lokalnie/?id=5M5p3T5t1F0Z4E4d2M1r0h8T1r8l2m3k,phishing
https://allegro.6924781059237.click/,phishing
https://allegro.anonservice.lol,phishing
https://allegro.ivkram.space/,phishing
https://allegro.lokaina-oferta3029.sbs,phishing
https://allegro.lokalna-039248.sbs,phishing
https://allegro.lokalna-4930237.sbs,phishing
https://allegro.lokalna-535424.sbs,phishing
https://allegro.lokalna-849641.sbs/,phishing
https://allegro.lokalna-oferta839122.lol,phishing
https://allegro.lokalna-oferta893.lol,phishing
https://allegro.lokalna-oferta895423.lol,phishing
https://allegro.lokalna-ofeta287689142.sbs,phishing
https://allegro.lokalna-ofeta9567556623.lol,phishing
https://allegro.lokalna1117483.lol,phishing
https://allegro.oferta-182322.icu,phishing
https://allegro.oferta-8941320.sbs,phishing
https://allegro.oferta-lokalana96340081532.sbs,phishing
https://allegro.oferta-lokalna8654968923445.shop,phishing
https://allegro.ok3927812899.biz,phishing
https://allegro.pl-53421.click,phishing
https://allegro.pl-oferta37377382.sbs,phishing
https://allegro.pl-oferta812281.lol,phishing
https://allegro.pl-oferta81811.sbs,phishing
https://allegro.pl-oferta981912111.sbs,phishing
https://allegro.plkuptera732183278681.bond,phishing
https://allegro.r230f203f023.casa/lokalnie/?id=7m9O1D7y8k3a2X0a1T2e8O6L7n6r6r0m,phishing
https://allegrolokalinie.pl-428541.me/oferta/samsung-galaxy-s26-5g-czarny-256gb-12gb-nowy-513f241b,phishing
https://allegrolokalnie.1648b754c91.lol/oferta/id-1ecvsvbm1-Zaglebiarka-Pila-Festool-T55-REBQ---Gwarancja,phishing
https://allegrolokalnie.1834x6892n61.lol/oferta/id-fazlhurruz-Konsola-PlayStation-5-Slim--Gry-Gwarancja-,phishing
https://allegrolokalnie.2730241.xyz/oferta/id-ss58z9o8-iphone-15-pro-max,phishing
https://allegrolokalnie.446834va.top,phishing
https://allegrolokalnie.465895fg.top/oferta/id-ltbte-nowy-depilator-philips-lumea-9900-bri977-z-gwarancja,phishing
https://allegrolokalnie.465896ee.top/oferta/id-eiqayv6d-voucher-na-wakacje-pl-o-wartosci-5000-pln,phishing
https://allegrolokalnie.465896ee.top/oferta/id-sb6mthuoq-xbox-series-x-1tb,phishing
https://allegrolokalnie.466866ie.top/oferta/id-e1i7n-Nowy-i-zapakowany-iPhone-17-Pro-Max-256-GB-Srebrny,phishing
https://allegrolokalnie.634464hr.top/oferta/id-n57sibihn-garmin-fenix-8---51mm---solar-sapphire-carbon-gray,phishing
https://allegrolokalnie.6393728.xyz,phishing
https://allegrolokalnie.687546eg.top/oferta/id-g2wogu1-1tb-xbox-series-x,phishing
https://allegrolokalnie.687546re.top/oferta/id-h53v5-Voucher-na-wakacje-pl-o-wartosci-5000-pln,phishing
https://allegrolokalnie.7384628.pl,phishing
https://allegrolokalnie.76165127518.lat/canon-eos-r6-adapter-ef-eos-r-/54695,phishing
https://allegrolokalnie.82385672.lol,phishing
https://allegrolokalnie.83038493.xyz,phishing
https://allegrolokalnie.8495025.lat/oferta/id-ymali7b-Sony-PS5-Pro-z-napedem-i-dwoma-kontrolerami,phishing
https://allegrolokalnie.8534215.lat,phishing
https://allegrolokalnie.867534.lol/konsola-sony-ps5-zestaw/59206,phishing
https://allegrolokalnie.8841821248.lat/logowanie?referrer=http://allegrolokalnie.8841821248.lat/macbook-neo-512-gb/75087/wiadomosci/,phishing
https://allegrolokalnie.8841821248.lat/macbook-neo-512-gb/75087/wiadomosci/,phishing
https://allegrolokalnie.9618269.mom/oferta/xiaomi-17t-pro-512gb/94713,phishing
https://allegrolokalnie.dn-produkt8372829191.lol/hulajnoga-elektryczna-kukirin-/32374,phishing
https://allegrolokalnie.help/,phishing
https://allegrolokalnie.id457iadn7d92bd2.sbs/opony-zimowe-2055516-dunlop-wi/68121,phishing
https://allegrolokalnie.kup-teraz-691335.pl/oferta/focal-bathys-anc-czarne-w-idealnym-stanie/17epN9urW1eIKsrmxD,phishing
https://allegrolokalnie.lokaina-oferta3029.sbs,phishing
https://allegrolokalnie.lokala-ofeta891.sbs/oferta/Apple-MacBook-Air-15-M4-2025-512-GB-16-GB-stan-jak-nowy/201234833,phishing
https://allegrolokalnie.lokalna-02019.sbs/oferta/Dyson-V16-Piston-Animal-Submarine-900W-odkurzacz-z-funkcj%C4%85-mycia-pod%C5%82%C3%B3g/434833711,phishing
https://allegrolokalnie.lokalna-02019.sbs/oferta/KuKirin-G4-2026-Przebieg-poni%C5%BCej-100-km-Mocna-hulajnoga-elektryczna-Jak-Nowa/573238204?fbclid=IwY2xjawTv6LhwZG9mBWV4dG4DYWVtAjExAHNydGMGYXBwX2lkDDM1MDY4NTUzMTcyOAABHoGH5PBG3dpg-_N9UjBVDmnSHh0aXLBOKOUiyv7wGeiLQ3AWvZ089Gn4z9e9_aem_yfFjAvaoVt1zByn33ZtaSg,phishing
https://allegrolokalnie.lokalna-039248.sbs/,phishing
https://allegrolokalnie.lokalna-03928.sbs/oferta/KuKirin-G4-2026-Przebieg-poni%C5%BCej-100-km-Mocna-hulajnoga-elektryczna-Jak-Nowa/573238204?fbclid=IwY2xjawTv_fNwZG9mAWV4dG4DYWVtAjExAHNydGMGYXBwX2lkDDM1MDY4NTUzMTcyOAABHlzbekhGl7EOYMxcmt715zLkISXSggtj3lCvFkdVvRct1eAXBcRMA-5Kq7lH_aem_XUMm4s5G6tOfAK_6LNJx4AWys%C5%82ano,phishing
https://allegrolokalnie.lokalna-067.sbs/oferta/-Myjka-ci%C5%9Bnieniowa-Karcher-K7-Comfort-Premium/625020283,phishing
https://allegrolokalnie.lokalna-0904921.sbs,phishing
https://allegrolokalnie.lokalna-19284.sbs/oferta/Dyson-V16-Piston-Animal-Submarine-900W-%E2%80%93-odkurzacz-z-funkcj%C4%85-mycia-pod%C5%82%C3%B3g/797286320,phishing
https://allegrolokalnie.lokalna-199101.sbs,phishing
https://allegrolokalnie.lokalna-29182.sbs/oferta/KuKirin-G3-Pro-Hulajnoga-Elektryczna-2x1200W-80-km-Zasi%C4%99gu-Przebieg-200km-52V-23Ah-Amortyzacja/765899176,phishing
https://allegrolokalnie.lokalna-47294.sbs/,phishing
https://allegrolokalnie.lokalna-49572.sbs/oferta/KuKirin-G3-Pro-2400W-52V-23Ah-65-kmh-230-km-przebiegu-w-%C5%9Bwietnym-stanie/192386382,phishing
https://allegrolokalnie.lokalna-55829.sbs/oferta/KuKirin-G3-Pro-hulajnoga-elektryczna-140-km-przebiegu-jak-nowa/121066700,phishing
https://allegrolokalnie.lokalna-589.sbs/,phishing
https://allegrolokalnie.lokalna-5988.sbs/oferta/Unicraft-PAC-BARDZO-CICHY-Klimatyzator-przeno%C5%9Bny-STAN-JAK-NOWY-CA%C5%81Y-ZESTAW/627549492,phishing
https://allegrolokalnie.lokalna-666.sbs/,phishing
https://allegrolokalnie.lokalna-667.sbs/,phishing
https://allegrolokalnie.lokalna-668.sbs/,phishing
https://allegrolokalnie.lokalna-833.sbs/,phishing
https://allegrolokalnie.lokalna-849641.sbs/oferta/Thermomix-TM6-nowy-nigdy-nieu%C5%BCywany/342173245?fbclid=IwY2xjawT2VfJwZG9mAWV4dG4DYWVtAjExAHNydGMGYXBwX2lkDDM1MDY4NTUzMTcyOAABHtTuPpkISIb4cHV70XB1TPrQ2WTNAsqsSxBDeYAKyfKx3mk3mdCckr0KHf1j_aem_NsXj7T-nO8cOj9nbPAXKsw,phishing
https://allegrolokalnie.lokalna-93827.sbs/oferta/Thermomix-TM6-Vorwerk-Bogaty-Zestaw-Akcesori%C3%B3w-Stan-Idealny-Jak-Nowy/147413451,phishing
https://allegrolokalnie.lokalna-ofera8121.lol/oferta/ASUS-ProArt-RTX-4080-Super-OC-16GB-pude%C5%82ko/403600270,phishing
https://allegrolokalnie.lokalna-oferta9129.sbs/oferta/Karta-graficzna-RTX-4060/300684266,phishing
https://allegrolokalnie.lokalna-ofeta10x3v0yj034b75v4.shop/oferta/Meta-Quest-3-512GB-stacja-%C5%82aduj%C4%85ca-etui-kompletny-zestaw/428811350,phishing
https://allegrolokalnie.lokalna-ofeta1224178.lol/oferta/Jacuzzi-mspa-camaro-6-os%C3%B3b-1000l-jak-nowe/763975002,phishing
https://allegrolokalnie.lokalna-ofeta16xpv0yj004b75v0.shop/oferta/Meta-Quest-3-512GB-z-akcesoriami-stan-idealny-u%C5%BCyte-3-razy/441785751,phishing
https://allegrolokalnie.lokalna-ofeta16xv0yj034b75v7.shop/oferta/Meta-Quest-3-512GB-z-akcesoriami-stan-idealny-u%C5%BCyte-3-razy/356272081,phishing
https://allegrolokalnie.lokalna-ofeta2435245.shop/oferta/Jacuzzi-Ogrodowe-6-osobowe-z-podswietlenirm-LED/712187165?fbclid=IwY2xjawTwLWtwZG9mBWV4dG4DYWVtAjExAHNydGMGYXBwX2lkDDM1MDY4NTUzMTcyOAABHrlf4LHgkTvhjdV0fJ56D_JyH5U5YJVqxjztSIgQdjX9oOF5slTy38Q4njY4_aem_SdYfThXiCwraTz25bSLx0g,phishing
https://allegrolokalnie.lokalna-ofeta29097321.sbs/oferta/Nintendo-Switch-z-dokiem-gra/280968148,phishing
https://allegrolokalnie.lokalna-ofeta298901261.sbs/oferta/DJI-Osmo-Action-6-Adventure-Combo-Stan-Idealny/783441550,phishing
https://allegrolokalnie.lokalna-ofeta3528509.shop/oferta/Jacuzzi-Ogrodowe-6-osobowe-z-podswietlenirm-LED/944630904,phishing
https://allegrolokalnie.lokalna-ofeta72822.lol/oferta/hulajnoga-elektryczna-kukirin-g4-stan-jak-nowa/868919240,phishing
https://allegrolokalnie.lokalna-ofeta92112.cfd,phishing
https://allegrolokalnie.lokalna129129.lol,phishing
https://allegrolokalnie.lokalna8738783.lol,phishing
https://allegrolokalnie.nr-03294223s.lol/oferta/Gigabyte-GeForce-RTX-5060-8GB-OC/503543203,phishing
https://allegrolokalnie.nr-32435423.lol/,phishing
https://allegrolokalnie.nr-837umm636.lol/oferta/Samsung-Galaxy-S25-Ultra-512Gb-zestaw/971831696,phishing
https://allegrolokalnie.ofera-lokala12938.lol/oferta/RTX-4070Ti-Super-16GB-Gigabyte-Gaming-OC/452220778,phishing
https://allegrolokalnie.oferta-182322.icu,phishing
https://allegrolokalnie.oferta-211874.cfd,phishing
https://allegrolokalnie.oferta-247841.cfd/oferta/przyczepa-kempingowa-niewiadow-n126-szczelna/71356,phishing
https://allegrolokalnie.oferta-423486.cfd/oferta/1984-fso-fiat-126p-maluch/22170,phishing
https://allegrolokalnie.oferta-471852.cfd/oferta/podnosnik-mobilny-3t-230v-elektrohydrauliczny/37218,phishing
https://allegrolokalnie.oferta-875461.cfd/logowanie/13362,phishing
https://allegrolokalnie.oferta-lokalana96340081532.sbs,phishing
https://allegrolokalnie.oferta-lokalana989714.lol/oferta/Karta-graficzna-Nvidia-Geforce-RTX-3080TI/385906860,phishing
https://allegrolokalnie.oferta1122738485522.xyz/offer?id=dcb49b9c657143db8cf063ab83604da4,phishing
https://allegrolokalnie.oferta274vw9b5x2l0.rest/,phishing
https://allegrolokalnie.oferta29lj0b6vw8v.site/aparat-canon-eos-r6-mark-ii-pr/55306/wiadomosci/,phishing
https://allegrolokalnie.oferta29lj0b6vw8v.site/logowanie?referrer=http://allegrolokalnie.oferta29lj0b6vw8v.site/aparat-canon-eos-r6-mark-ii-pr/55306/wiadomosci/,phishing
https://allegrolokalnie.oferta394zqg2j93f9ml9.online/,phishing
https://allegrolokalnie.pi-lokana0289.sbs/oferta/Thermomix-TM7-Jak-Nowy-Oryginalne-Pude%C5%82ko-Faktura-Gwarancja/737760601,phishing
https://allegrolokalnie.pi-ofeta089139.shop,phishing
https://allegrolokalnie.pl-109772.cfd/logowanie/13362,phishing
https://allegrolokalnie.pl-123458.lol/,phishing
https://allegrolokalnie.pl-234832.click,phishing
https://allegrolokalnie.pl-2dgif.sbs/oferta/jak-nowy-tablet-apple-ipad-11-a16-128gb-rozowy-gwarancja-apple-pencil-dwa-t95a3,phishing
https://allegrolokalnie.pl-48608124.lol/oferta/25659247/karta-graficzna-msi-geforce-rtx-3060-ti-gaming-z-trio-8gb,phishing
https://allegrolokalnie.pl-53421.click/oferta/hulajnoga-elektryczna-kukirin-g2-master-avf3m,phishing
https://allegrolokalnie.pl-5884747483.click,phishing
https://allegrolokalnie.pl-589679353.lol,phishing
https://allegrolokalnie.pl-65445.lol/playstation-5-1t-digital/64954,phishing
https://allegrolokalnie.pl-746483745.click,phishing
https://allegrolokalnie.pl-77655.top,phishing
https://allegrolokalnie.pl-77655.top/oferta/pellet-drzewny-fabich-a1-100-z-drewna-sosnowego-2-tony-9gos1,phishing
https://allegrolokalnie.pl-84223.click/oferta/l/-251586969?id=9b8b772b-1f5a-4eb1-bdd5-9817be0566e3,phishing
https://allegrolokalnie.pl-846363543.click,phishing
https://allegrolokalnie.pl-867387177425245.lol/gopro-hero-13-black-ultra-wide/78317,phishing
https://allegrolokalnie.pl-867387177425245.lol/meta-quest-3-512-gb-bateria-mi/89578,phishing
https://allegrolokalnie.pl-97312.top/oferta/id-iuaf2-autoklaw-enbio-s-klasy-b,phishing
https://allegrolokalnie.pl-986234.lol/oferta/KuKirin-G2-MASTER-2025-2,phishing
https://allegrolokalnie.pl-aibt8.sbs/oferta/apple-macbook-air-13-inch-m2-8gb-ram-256gb-f5zh2,phishing
https://allegrolokalnie.pl-dpd24.pl,phishing
https://allegrolokalnie.pl-h4425287362627oferta99282662838.site/oferta/id-6qyotfz9v-Kukirin-G2-master,phishing
https://allegrolokalnie.pl-lcd7x.sbs/oferta/super-stan-tablet-apple-ipad-11-a16-128gb-srebrny-gwarancja-apple-pencil-e-yu8ak,phishing
https://allegrolokalnie.pl-loka.shop/,phishing
https://allegrolokalnie.pl-oferta-lokalna2689433.live/oferta/PS5-Pro-biala-z-dwoma-kontrolerami-zestaw/186975172,phishing
https://allegrolokalnie.pl-oferta-lokalna2689433.live/oferta/iPhone-16-Pro-Max-256GB-stan-idealny-bateria-99/790424641,phishing
https://allegrolokalnie.pl-oferta2912190.click,phishing
https://allegrolokalnie.pl-oferta43776432.lol/offer?id=3f2ca4399c6a4d189a9be43f2d130660,phishing
https://allegrolokalnie.pl-oferta647921638.shop/offer?id=f78dc173af044c5d9fd12a4e310323e3,phishing
https://allegrolokalnie.pl-oferta734891798312.shop,phishing
https://allegrolokalnie.pl-oferta764129783.cfd/profesjonalny-t%C5%82umacz-translat/90511,phishing
https://allegrolokalnie.pl-oferta783694.biz/oferta/Zegarek-Garmin-Fenix-8-43mm/199990938,phishing
https://allegrolokalnie.pl-oferta81811.sbs/oferta/xbox-series-x-1tb-pad/585264958,phishing
https://allegrolokalnie.pl-oferta9012.sbs/oferta/Xbox-Series-X-1TB-z-nap%C4%99dem/552968801,phishing
https://allegrolokalnie.pl-oferta91273.sbs,phishing
https://allegrolokalnie.pl-oferta91281.sbs/oferta/MSI-GeForce-RTX-4060-Ventus-2X-OC-8GB-GDDR6-DLSS-3/928882475,phishing
https://allegrolokalnie.pl-oferta912871.sbs/oferta/DJI-Mini-4-Pro-NOWY-4-akumulatory-kontroler-z-wy%C5%9Bwietlaczem/970163110,phishing
https://allegrolokalnie.pl-oferta921.top/oferta/Valve-Steam-Deck-OLED-1TB-stan-idealny-gwarancja-do-2028/898009302,phishing
https://allegrolokalnie.pl-oferta9810.lol/,phishing
https://allegrolokalnie.pl-wbsd.shop/,phishing
https://allegrolokalnie.pl-wbsd.shop/allegro,phishing
https://allegrolokalnie.pl-wfde.shop/,phishing
https://allegrolokalnie.pl-wfde.shop/allegro,phishing
https://allegrolokalnie.pl-x37yq.sbs/oferta/super-stan-tablet-apple-ipad-11-a16-128gb-srebrny-gwarancja-apple-pencil-e-4pllw,phishing
https://allegrolokalnie.pl01.xyz,phishing
https://allegrolokalnie.pl18363.lol/kamikaze-k1-max/79078,phishing
https://allegrolokalnie.pl18363.lol/kukirin-g2-master/80849,phishing
https://allegrolokalnie.pl29333.top,phishing
https://allegrolokalnie.pl39343.top,phishing
https://allegrolokalnie.pl59133.top/oferta/id-mf2rurofq-Zaciskarka-Rothenberger-Romax-4000,phishing
https://allegrolokalnie.pl67720.lol,phishing
https://allegrolokalnie.plkupteraz76437265321.sbs/oferta/Konsol%C4%99-SONY-PlayStation-5-Slim/529605663,phishing
https://allegrolokalnie.pln385.lol/myjka-ci%C5%9Bnieniowa-karcher-k7/63379,phishing
https://allegrolokalnie.pls3lfjffecr21xk.sbs/oferta/lo/-495964867?id=5fe70f5f-3bf6-435e-a9e8-cf9ec65b4ddf,phishing
https://allegrolokalnie.pls3lfkhgrnf21xk.sbs/oferta/lo/-545543016?id=6b4d568c-bd75-4d60-a5bd-58845c033108,phishing
https://allegrolokalnie.rezerwacja5274.click/xbox-series-x-1tb-i-5-pad%C3%B3w-i-/87977,phishing
https://allegrolokalnie.rezerwacja5645.lol,phishing
https://allegrolokalnie.rezerwacja7489.lol/logowanie?referrer=http://allegrolokalnie.rezerwacja7489.lol/nowe-oryginalnie-zaplombowane-/35969/wiadomosci/,phishing
https://allegrolokalnie.rezerwacja7489.lol/nowe-oryginalnie-zaplombowane-/35969/wiadomosci/,phishing
https://allegrolokalnie.rezerwacja7581.lol/konsola-ps5-slim-1tb-nap%C4%99d-gry/13862,phishing
https://allegrolokalnie.rezerwacja7581.lol/xbox-series-x-1tb-i-5-pad%C3%B3w-i-/88138,phishing
https://allegrolokalnie.rezerwacja7823.lol/socket.io?eio=4&amp;transport=polling&amp;t=q0rgj2-&amp;sid=fg8njt2g1rmg5wjgadbs,phishing
https://allegrolokalnie.rezerwacja7843.lol,phishing
https://allegrolokalnie.rezerwacja7843.lol/oferta/Nowy-dron-DJI-Mini-4-Pro-Fly-More-Combo-RC2-Care-Refresh-Gwarancja-2028/889843348,phishing
https://allegrolokalnie.rezerwacja8711.click/nowy-dron-dji-mini-4-pro-fly-m/81545,phishing
https://allegrolokalnie.su293bdi6j0n.shop/,phishing
https://allegrolokalnie.xve38js8s03k.surf/oferta/DJI-Mini-4-Pro-Nowy-nieaktywowany-z-gwarancj?id=7E2D8t6K5o3H8K4k8m9n5i6C5W8g7Q4B,phishing
https://almanexac.z5.web.core.windows.net/,phishing
https://altro-dz.com/kdi/sdfi,phishing
https://amaz-annuel.com/,phishing
https://amaz-annuel.com/captcha,phishing
https://amazon-clone--weld.vercel.app/,phishing
https://amazon-video-musique.com/annuler-commande?token=null,phishing
https://amazon-video-musique.com/annuler?token=null,phishing
https://amazon-video-musique.com/vos-commandes?token=null,phishing
https://amazon.accsubs-prime.eu.cc/,phishing
https://amazon.accsubs-prime.eu.cc/captcha.php,phishing
https://amazon.ns-prime.com/,phishing
https://amazon.ns-prime.com/captcha.php,phishing
https://amazonstocksgo.co/,phishing
https://ambiguous-travel-171781.framer.app/,phishing
https://ameknxbrebobo.com/account/,phishing
https://ameknxbrebobo.com/account/turnstile-check,phishing
https://amitys.shop/soFbneFy/,phishing
https://amplieeseunovolmt.s3.us-east-005.backblazeb2.com/aumento.html,phishing
https://amused-success-632473.framer.app/comweb,phishing
https://ananeosi-melous.com/,phishing
https://ananeosi-melous.com/captcha,phishing
https://angelorosapires.pt/wid/,phishing
https://anmelden-dkb-auth-de.91-218-65-223.plesk.page/file/,phishing
https://antaigouvfr-paiement-en-ligne-amendes.service-public-info.com.es/amen/index.php,phishing
https://antiavast.com/,phishing
https://aomiaojituan.com/uu/rCTqvwR4x2qafE01,phishing
https://aouth.rnicosoft-uid.surge.sh/,phishing
https://api-novobanco.com/,phishing
https://app-basecoines.zapier.app/,phishing
https://app.bancobisabo.com/,phishing
https://app.bisabancobo.com/,phishing
https://app.clientepresent.click,phishing
https://app.clientify.com/email-marketing/plus/campaigns/view/body/691774/1786964437/,phishing
https://app.livelshopbra.shop/,phishing
https://app.lntredes.com/front/,phishing
https://app.resgbradelo.online/,phishing
https://app.revinatee.net/login,phishing
https://apples-service-care21p1.vercel.app/,phishing
https://application.colibriathenas.com.br/,phishing
https://apply.ggcareersrecruit.com/,phishing
https://appsbhd-actualizar2025.weebly.com,phishing
https://appxfin.com/xfinity-connecting/authen,phishing
https://areaclienti-ar.offc.uk/ecdb5bca1618465122828ae0c32afc37/AreaUtenti_Lang.php,phishing
https://areaclienti.mftipolito.com/4409b78726a17720baaa77a111bbbac7/AreaUtenti_Lang.php,phishing
https://arezocolection.vercel.app/,phishing
https://arubaselfcareloginrestart.site/,phishing
https://asendergroup.com/,phishing
https://asergrsthdtyhtyj.framer.wiki/,phishing
https://aszspw4xfux37c6op2.live/,phishing
https://atomicwalet.weebly.com/,phishing
https://att-107463-109949.weeblysite.com/,phishing
https://att-online-access.weebly.com/,phishing
https://atualizacoesbradescopj.com,phishing
https://atualizartaxas.lat/?zEXjD6lVA0YC5wd,phishing
https://auth-domain-70hijl8sih9w1v3k.vercel.app/checkout/d66345c4dbd5af29bd9c2148dcb904d8,phishing
https://auth-domain-kay9dvf2iam7exgu.vercel.app/checkout/fb5c0f120ae89590501057458947d059,phishing
https://auth-ledgrelive-net.wasmer.app/,phishing
https://auth.metacreatormonetizationsupportglobal.click/index.html,phishing
https://authentic-slider-900739.framer.app/,phishing
https://authentication-user-log.com/,phishing
https://authentication-user-log.com/captcha,phishing
https://auths-io-coinsquare-sso-sso.webflow.io/,phishing
https://avanteshipping.com/wp-signp.php?error=1,phishing
https://aviaodesorte.vercel.app/,phishing
https://avocent.netlify.app/,phishing
https://ax-italy.eu.cc,phishing
https://axionixtools.shop/soFbneFy/,phishing
https://axys.shop/soFbneFy/,phishing
https://b-populaire-info.bolt.host/,phishing
https://b-populaire-info.bolt.host/index.html,phishing
https://b1n6mp.lat/o/59nly/7320827387469824#selectedbank9,phishing
https://b24-1uvnew.bitrix24.site/,phishing
https://b24-8rmt6l.bitrix24.site/,phishing
https://b3n8mf.lat/o/59nly/7320827387469824#selectedbank9,phishing
https://b8jx2n.cfd/o/2kja6/7315885054394624#selectedbank9,phishing
https://bacbeneficiosplus.lat/pa,phishing
https://baccanjeonline.help/pa,phishing
https://baccanjeonline.lat/pa,phishing
https://baccredomatico.icu/hn,phishing
https://backhausstorage.work.gd/d/yoyuw8q4/documents/htmls/iqglassgroup.html,phishing
https://bacpuntosdigital.lat/pa,phishing
https://bafkreiexrtpkkflfywi6lyfj7zc5bw6zrcvv4dib4wbfjrxnkyxuiohdfm.ipfs.dweb.link/,phishing
https://bafkreiexrtpkkflfywi6lyfj7zc5bw6zrcvv4dib4wbfjrxnkyxuiohdfm.ipfs.inbrowser.link/,phishing
https://bafkreigeqbd6gpvqc5alsxpa4yqpfuc3e7fidg7mukb4wuppyribywusvy.ipfs.inbrowser.link/,phishing
https://bafkreihql7542hbekhfae4355pumneesu37jvm2yqy22hi5wahk5pvyoci.ipfs.dweb.link/,phishing
https://bafkreihql7542hbekhfae4355pumneesu37jvm2yqy22hi5wahk5pvyoci.ipfs.inbrowser.link/,phishing
https://banca-enlinea-pichinchasolucion.weebly.com/,phishing
https://bancbancochile-sitiospublicos-contactos.cmg-cl.sbs/,phishing
https://banco-pichincha.weebly.com/,phishing
https://baseservices.vercel.app/,phishing
https://bassbodyfuel.com/nz/airnewzealand/,phishing
https://bbaasy.com/view/radfTprBTd,phishing
https://bbhd.kesug.com/,phishing
https://bcnenlinea.com/,phishing
https://bd7dzn.qpon/o/00olp/7309911045607424#selectedbank9,phishing
https://bdjr.shop/soFbneFy/,phishing
https://bdyt.shop/soFbneFy/,phishing
https://be-duolinguo.bolt.host/,phishing
https://be-duolinguo.bolt.host/index.html,phishing
https://beacons.ai/getprolicense,phishing
https://bedgries0b.azurewebsites.net/,phishing
https://belbil.netlify.app/,phishing
https://belgorod.pb3.duckdns.org/,phishing
https://bellsouth-att-sign-in-8a5eb0.webflow.io/,phishing
https://bellsouth-att-signing-31b51f.webflow.io/,phishing
https://bellsouth-management-sv.webflow.io/,phishing
https://belote.pb3.duckdns.org/,phishing
https://benchmark.passkeyconnect.com/sign-in/,phishing
https://benz.mom/login/index,phishing
https://beqfw.com/yHoyHLkg/,phishing
https://bgabrasivi.com/dag/wogd,phishing
https://bgrfupymrwce8ryqk8.live/,phishing
https://bgrqw.com/guide/1adtCnumPh,phishing
https://bhd-clientes-activar-2026.weebly.com,phishing
https://bhdactivarusuario-validaracceso.hstn.me/,phishing
https://bhdactivarusuario2026.weebly.com/,phishing
https://bhdcredito-2026--bhdcredi2026.replit.app/,phishing
https://bhduser-line.weebly.com,phishing
https://bhggenvistgftonlinjhg.weebly.com/,phishing
https://bhghghghghghghwert.weebly.com/,phishing
https://bhsg-tqfj.1wp.site/opto/index.php,phishing
https://bienlinea-cwerc3gcd0dqccd5.centralus-01.azurewebsites.net/index.html,phishing
https://bigtalkcentres.weebly.com/,phishing
https://bio.site/cuscatlasv,phishing
https://biodiversidadhuaranchalina.com/story/tifhteuuds,phishing
https://bjxcjxgs.com/content/rpsfhubkea,phishing
https://blessed-start-788870.framer.app/,phishing
https://blockchain-immobilien.xyz/,phishing
https://blox.watevergames.net/?etext=2202.i4oVWt3bUpjl9oHb-Wcwnbcket-GD77sS89Hwqpu3bh0dWt4eGFkbml1a3l2dWtx.5dc3f99a2fff30352487861da5021807075108c7,phishing
https://bn-cr.eu.cc/,phishing
https://bn.pb3.duckdns.org/,phishing
https://bnbcllente.blogspot.com/,phishing
https://bncenlimea.com,phishing
https://bnkfindo.blogspot.com/,phishing
https://bnlbancfs5.blogspot.com/,phishing
https://bnlbancfs5.blogspot.com/?m=1,phishing
https://bnlbnpb.blogspot.com/,phishing
https://bo1xkg.sbs/o/2kja6/7315885054394624#selectedbank9,phishing
https://bonnenouvelles.weebly.com/,phishing
https://borgs.shop/soFbneFy/,phishing
https://boudgetd.com/,phishing
https://bouesaz.us/jinhcgydko,phishing
https://boukake.direc4571512.pro/,phishing
https://boukake.direc4571512.pro/captcha.php,phishing
https://bounces.pb3.duckdns.org/,phishing
https://bourso-activation.bolt.host/,phishing
https://bourso-activation.bolt.host/index.html,phishing
https://bp.pb3.duckdns.org/,phishing
https://bper-portale.com/captcha.php,phishing
https://bper-portale.com/pages/nvs0.php,phishing
https://bradesco.canaldeacessopj.net,phishing
https://bradesco.chatbiaclientes.online/,phishing
https://bradesco.netempresarial.click,phishing
https://bradesco.segurancaempresaweb.click/,phishing
https://bradesco.segurancaempresaweb.digital/,phishing
https://bradesco.segurancaempresaweb.pro/,phishing
https://bradesco.sincronizacaopjonline.click/,phishing
https://bradesco.sincronizacaopjonline.digital,phishing
https://bradesco.sincronizacaopjonline.pro/,phishing
https://bradescogerenciadorpj.com/,phishing
https://bratsk.pb3.duckdns.org/,phishing
https://brd-652645.com/,phishing
https://brd-652645.com/suivi,phishing
https://breezelinemail247.weebly.com/,phishing
https://brianlarsonlaw.com/register,phishing
https://bristolcountysavingsip.com/verify,phishing
https://broadmoorautobody.com/register,phishing
https://browser-dashboard.com/,phishing
https://browser-dashboard.com/capcha,phishing
https://brs-secure.dyndns-home.com/,phishing
https://brs-secure.dyndns-home.com/captcha.php,phishing
https://btg-hr-portal-vendor-comparison.pages.dev/,phishing
https://btinternet-maintenace-update-109591-105397.weeblysite.com,phishing
https://btinternet-maintenance-update106043-104089.weeblysite.com/,phishing
https://bu.pb3.duckdns.org/,phishing
https://business-meta.farekey.com/,phishing
https://business-meta.ijbe.org/,phishing
https://business-meta.iwenyan.com/,phishing
https://business-metasupports.tiiny.site/,phishing
https://buy.pb3.duckdns.org/,phishing
https://buymultiprogram.weebly.com/blog/electrolux-212a-manual,phishing
https://buzzyt.netlify.app/,phishing
https://bw-ident.com/,phishing
https://bwbank-auth.com/,phishing
https://bwbank-ident.com/,phishing
https://bybit-login-app.typedream.app/,phishing
https://c-mutuel.moncompteespaceclient.com,phishing
https://c-mutuel.moncompteespaceclient.com/pages/desktop/connexion/index.php,phishing
https://c-mutuel.moncompteespaceclient.com/pages/mobile/connexion/index.php,phishing
https://c1ientebrada.blob.core.windows.net/dir/index.html,phishing
https://c2k8r5v1n7y4d9q3ha.live,phishing
https://c2k8r5v1n7y4d9q3ha.live/,phishing
https://c2k8r5v1n7y4d9q3ha.live/p/LVox26vF,phishing
https://c8reg200ev8222ee.bitrix24.site/,phishing
https://c9k5r1v7n3y8d2q6ha.live,phishing
https://c9k5r1v7n3y8d2q6ha.live/,phishing
https://ca-coinsquare-auth.webflow.io/,phishing
https://ca-reactiv-info.bolt.host/,phishing
https://ca-reactiv-info.bolt.host/index.html,phishing
https://ca.acces-verifca.com/,phishing
https://ca.acces-verifca.com/captcha.php,phishing
https://caixa-benefits.pages.dev/,phishing
https://caizhuanjixie.com/uid_592180614?ticket=H1vVJFIpkH,phishing
https://cajaarequipa.portal-online.com.es/,phishing
https://cam.pb3.duckdns.org/,phishing
https://canaandata.com,phishing
https://cancelacion-bancaria-banpro.yolasite.com,phishing
https://cancelar-bhd-compra.weebly.com/,phishing
https://cancelarcardiffseguro360.vercel.app/,phishing
https://cancelarsegurodecardiff360.vercel.app/,phishing
https://cancelcardiffbahora.vercel.app/,phishing
https://canjeadirecto.help/pa,phishing
https://canjecdirecto.help/pa,phishing
https://canjeddirecto.help/pa,phishing
https://canjeedirecto.help/pa,phishing
https://canjejpuntosbac.help/pa,phishing
https://canjeldirecto.help/pa,phishing
https://canjepuntosabac.help/pa,phishing
https://canjepuntoscbac.help/pa,phishing
https://canjepuntosebac.help/pa,phishing
https://canjepuntoslbac.help/pa,phishing
https://canjepuntosobac.help/pa,phishing
https://canjepuntosrbac.help/pa,phishing
https://canjepuntossbac.help/pa,phishing
https://canjepuntostbac.help/pa,phishing
https://canjepuntosubac.help/pa,phishing
https://canjepuntosvbac.help/pa,phishing
https://canjepuntosxbac.help/pa,phishing
https://canjerecompensa.help/pa,phishing
https://canjeregalos.help/pa,phishing
https://canjesdirecto.help/pa,phishing
https://canjevpuntosbac.help/pa,phishing
https://canjewpuntosbac.help/pa,phishing
https://cardiffcancelacionseguro360.vercel.app/,phishing
https://career.shahcement.com/749993/,phishing
https://casas-bah.vercel.app/,phishing
https://cccomcassstiniffty.weebly.com/,phishing
https://cd.pb3.duckdns.org/,phishing
https://cdguyue.com/page/hvepfghfhw,phishing
https://cdn-4.pb3.duckdns.org/,phishing
https://cdn.pb3.duckdns.org/,phishing
https://celiacosaraucania.cl/dc.php,phishing
https://cem-neuillysurmarne.com/register,phishing
https://central-prime-index.com/,phishing
https://central-prime-index.com/https://central-prime-index.com/index.php,phishing
https://centrum-ucet-login.weebly.com/,phishing
https://certcodeinfo-lbp.com/,phishing
https://certcodeinfo-lbp.com/pages/desktop/securite/index.php,phishing
https://certcodeinfo-lbp.com/pages/mobile/securite/index.php,phishing
https://ch.rgsuppliers.com/,phishing
https://ch.rgsuppliers.com/index.php,phishing
https://ch136645.tw1.ru/,phishing
https://charter-login-your-email-accounts.weeblysite.com/,phishing
https://chartermailfdeagg78.weebly.com/,phishing
https://chat.zjgjym.com,phishing
https://chatty-english-473585.framer.app/,phishing
https://check-konto.vercel.app/,phishing
https://checkingyourskymail-101970.square.site/,phishing
https://cheerful-sense-020783.framer.app/,phishing
https://choice-dashboard.com/,phishing
https://choice-dashboard.com/captcha,phishing
https://chouhdf.com,phishing
https://chouhdfcom.com,phishing
https://ci-app294.info/?vrair1chesse,phishing
https://cic-verification.bolt.host/,phishing
https://cic-verification.bolt.host/index.html,phishing
https://cimobile178.info/?vrair1chesse,phishing
https://claim-09.netlify.app/,phishing
https://claim-0az.netlify.app/,phishing
https://claim-3jb.netlify.app/,phishing
https://claim-4wr.netlify.app/,phishing
https://claim-771.netlify.app/,phishing
https://claim-8e.netlify.app/,phishing
https://claim-9kd.netlify.app/,phishing
https://claim-acs.netlify.app/,phishing
https://claim-b8q.netlify.app/,phishing
https://claim-dmu.netlify.app/,phishing
https://claim-dp.netlify.app/,phishing
https://claim-ezb.netlify.app/,phishing
https://claim-fak.netlify.app/,phishing
https://claim-fb.netlify.app/,phishing
https://claim-fjh.netlify.app/,phishing
https://claim-fn2.netlify.app/,phishing
https://claim-fod.netlify.app/,phishing
https://claim-fsf.netlify.app/,phishing
https://claim-gli.netlify.app/,phishing
https://claim-gpq.netlify.app/,phishing
https://claim-gu.netlify.app/,phishing
https://claim-gy.netlify.app/,phishing
https://claim-hadiah.vercel.app/,phishing
https://claim-hx.netlify.app/,phishing
https://claim-ia.netlify.app/,phishing
https://claim-ib.netlify.app/,phishing
https://claim-ihu.netlify.app/,phishing
https://claim-ip.netlify.app/,phishing
https://claim-jzv.netlify.app/,phishing
https://claim-k7w.netlify.app/,phishing
https://claim-khw.netlify.app/,phishing
https://claim-ks.netlify.app/,phishing
https://claim-nq.netlify.app/,phishing
https://claim-nz0.netlify.app/,phishing
https://claim-ojo.netlify.app/,phishing
https://claim-oov.netlify.app/,phishing
https://claim-pc4.netlify.app/,phishing
https://claim-ped.netlify.app/,phishing
https://claim-pj2.netlify.app/,phishing
https://claim-qcx.netlify.app/,phishing
https://claim-qj.netlify.app/,phishing
https://claim-qry.netlify.app/,phishing
https://claim-rsp.netlify.app/,phishing
https://claim-s1d.netlify.app/,phishing
https://claim-sl.netlify.app/,phishing
https://claim-t8.netlify.app/,phishing
https://claim-ta.netlify.app/,phishing
https://claim-tko.netlify.app/,phishing
https://claim-tn5.netlify.app/,phishing
https://claim-udp.netlify.app/,phishing
https://claim-up.netlify.app/,phishing
https://claim-uzx.netlify.app/,phishing
https://claim-v1.netlify.app/,phishing
https://claim-v10.netlify.app/,phishing
https://claim-va.netlify.app/,phishing
https://claim-vd.netlify.app/,phishing
https://claim-x7k.netlify.app/,phishing
https://claim-xx.netlify.app/,phishing
https://claim-ya3.netlify.app/,phishing
https://claim-yi.netlify.app/,phishing
https://claim-zxx.netlify.app/,phishing
https://classy-kulfi-c3cd9f.netlify.app/,phishing
https://click-hostopoint-ch-redirect5824312.blogspot.com/,phishing
https://client.cnctools.am/,phishing
https://client.cnctools.am/index.php,phishing
https://client.migrantsofthemed.com/,phishing
https://client.migrantsofthemed.com/index.php,phishing
https://client.sgparticuliers.com/,phishing
https://client.sgparticuliers.com/index.php,phishing
https://clientcm.iyno-llc.com/,phishing
https://clientcm.iyno-llc.com/pages/desktop/securite/index.php,phishing
https://clientcm.iyno-llc.com/pages/mobile/securite/index.php,phishing
https://cliente-a-limpfeirao.shop/,phishing
https://clientebhdactivar2026.zya.me/,phishing
https://clientele.moochild.com/,phishing
https://clientele.moochild.com/index.php,phishing
https://clientes-banamex.webcindario.com/,phishing
https://clietnit.barbarasherrod.com/,phishing
https://clietnit.barbarasherrod.com/index.php,phishing
https://clone-facebook-five.vercel.app/,phishing
https://clone-picpay.vercel.app/,phishing
https://cloud.shikarathekashmirspride.com/meeting/Iphone/invite.php,phishing
https://cm-secupassinfo.com/,phishing
https://cm-secupassinfo.com/pages/desktop/securite/index.php,phishing
https://cm-secupassinfo.com/pages/mobile/securite/index.php,phishing
https://cm.acces-verifcm.com/,phishing
https://cm.acces-verifcm.com/captcha,phishing
https://cm.conn-espace-secu.com/,phishing
https://cm.conn-espace-secu.com/pages/asset.php,phishing
https://cmm.graviontech.com/,phishing
https://cmm.graviontech.com/pages/desktop/securite/index.php,phishing
https://cmm.graviontech.com/pages/mobile/securite/index.php,phishing
https://cmobile19.info/?dj0z33Pao,phishing
https://cmsosxv.eu.cc,phishing
https://cmut-monespace.bolt.host/,phishing
https://cmut-monespace.bolt.host/index.html,phishing
https://cn-spotify.cn/,phishing
https://cnce-continuer.bolt.host/?utm=professeur-documentaire,phishing
https://cnsistemingreso.z1.web.core.windows.net/,phishing
https://cococcourt.b-cdn.net/Court-Summons.html,phishing
https://codmevent.com/codma3/index.html,phishing
https://coin-base-hub-us.zapier.app/,phishing
https://colagenoyhialuronico.com/deal/jozpfftevx,phishing
https://comacastnet.weeblysite.com/,phishing
https://comcasst11.weebly.com/,phishing
https://comcasstmanagement.weebly.com/,phishing
https://comcast-help-home.weebly.com/,phishing
https://comcastinternetserver.weebly.com/,phishing
https://comcastmailin.weebly.com/,phishing
https://comcastsecurityupdate.weebly.com/,phishing
https://comcsat.weeblysite.com/,phishing
https://come.ac/2DlTG,phishing
https://commercz.sviluppo.host/web/login.php,phishing
https://communiatyacasonlince.weebly.com,phishing
https://communityacsiarsecbanse.weebly.com/,phishing
https://communityvotecenter-ux.netlify.app/,phishing
https://company-prodloan-limits.s3.us-east-005.backblazeb2.com/aumento.html,phishing
https://comprobar-2cuenta-bhdleon.weebly.com,phishing
https://comprobar-cuenta-bhd-confirmation234.weebly.com,phishing
https://comprobar-cuenta-bhdleon.weebly.com,phishing
https://confirma-cuenta-aqui-22-bhd.weebly.com,phishing
https://conformitecan.com/,phishing
https://congrats.pb3.duckdns.org/,phishing
https://conn-tech.dyndns-blog.com/5tynbei,phishing
https://connect-pages-healthequity-5f9.pages.dev/,phishing
https://connexionpartagecas.weebly.com/,phishing
https://consultsur.com/,phishing
https://conta-iugu.digital/login/?service=https%3A%2F%2Falia.com%2F&amp;ea107fff65b4%7C7864b=ea107fff65b4%7C7864b-89a4-4303-947b-ea107fff65b4%7C7864bc4e-619d-4ad2-9046-ea107ff864bc4e084889,phishing
https://contato.avisoregularizar.app/,phishing
https://content-dpcbrw03871s.edgeone.dev/,phishing
https://contrat-video-prime.com/annuler,phishing
https://contrat-video-prime.com/vos-commandes,phishing
https://copyright-advertising-issue-review.netlify.app/,phishing
https://copyright-infringement-report-review.netlify.app/1653629651334864,phishing
https://copyright-infringement-review-support.netlify.app/1653629651334864,phishing
https://corporation-mondialrelay.org/,phishing
https://cotacaoarcelorof.netlify.app/?gad_source=1,phishing
https://cp.handhonline.net/~techbaza/post,phishing
https://cpcontacts.129-121-126-107.cprapid.com/login/,phishing
https://cr3d1-001-d1spon.hstn.me/,phishing
https://cr3d1ecuad0r-000.hstn.me/,phishing
https://crear-solicitud-49012.vercel.app,phishing
https://crear-solicitud-49012.vercel.app/,phishing
https://crear-solicitud-51892-produ.vercel.app/creditos.html,phishing
https://cred-mutuel.bolt.host,phishing
https://cred-mutuel.bolt.host/index.html,phishing
https://credemcliente.blogspot.com/,phishing
https://credemcliente.blogspot.com/?m=1,phishing
https://credi-miles--y626262j77.replit.app/,phishing
https://credi-pichinchagmailcom--ecuador23433.replit.app/,phishing
https://crediclick-bhd-snowy.vercel.app/?fbclid=IwY2xjawT_VDRwZG9mBWV4dG4DYWVtAjEwAGJyaWQRMUIwN3dNYjg1ajBOMjB1dFVzcnRjBmFwcF9pZBAyMjIwMzkxNzg4MjAwODkyAAEeA5UsC3yLNvOwcUbjkK1-N5l9fuS7d_nwoYDIY6R07XRPKzokBlfXBm04_EE_aem_haSXR6_rtr79Dan8Hh2c3w,phishing
https://crediecpichinch--crediplus.replit.app/,phishing
https://credip-1-chinch-ec--credipich1cha.replit.app/?fbclid=IwY2xjawUG9RZwZG9mAWV4dG4DYWVtAjExAGJyaWQRMWNhRGtVak4waXEwaFVUNTRzcnRjBmFwcF9pZBAyMjIwMzkxNzg4MjAwODkyAAEetPhxTVYnTmgm1TY1Njceve3eS49WvMkvbuP1Hg7gqB_C51In4VPJZYYBXFk_aem_im0Gk65VocnVszVhSUkDsA,phishing
https://credit.mutuel-groupe.com/,phishing
https://credit.mutuel-groupe.com/index.php,phishing
https://credito-ecuador.shop/9vuYRrw1cF?adset_name=%7B%7Badset.name%7D%7D&amp;adset_id=%7B%7Badset.id%7D%7D&amp;ad_id=%7B%7Bad.id%7D%7D&amp;campaign_name=%7B%7Bcampaign.name%7D%7D&amp;placement=%7B%7Bplacement%7D%7D&amp;site_source_name=%7B%7Bsite_source_name%7D%7D&amp;ad_campaign_id=%7B%7Bcampaign.id%7D%7D,phishing
https://creditoconsumoltau.sbs/,phishing
https://crreddem.blogspot.com/,phishing
https://crreddem.blogspot.com/?m=1,phishing
https://crucial-black-tporkft5.edgeone.dev/,phishing
https://crypto-ah4.netlify.app/,phishing
https://crypto-egp.netlify.app/,phishing
https://crypto-kms.netlify.app/,phishing
https://crypto-tax-declaration.com,phishing
https://cs-relax.eu.cc/,phishing
https://cszxseal.com/content/rpsfhubkea,phishing
https://ctrtglobal.com/pianifica/e-Doccondiviso.html,phishing
https://cu2ajo.casa/o/2kja6/7315885054394624#selectedbank9,phishing
https://cuenta-bhd.weebly.com,phishing
https://cuponsdasemana.com/produto/6954887606,phishing
https://cwpanama-migration.weebly.com/,phishing
https://cx320017.tw1.ru/DUV.html,phishing
https://cyrusone.passkeyconnect.com/common/oauth2/v2.0/authorize/,phishing
https://cz.pb3.duckdns.org/,phishing
https://d.pb3.duckdns.org/,phishing
https://d2ovgp.casa/o/53otu/7317012725878784#selectedbank9,phishing
https://d2qlig.cfd/o/00olp/7309911045607424#selectedbank9,phishing
https://dac8actifs.com/,phishing
https://dac8actifs.com/exchange,phishing
https://dac8actifs.com/tax,phishing
https://dac8actifs.com/tax-questions,phishing
https://dandy-mission-655357.framer.app/,phishing
https://dashboard-browser.com/,phishing
https://dashboard-browser.com/captcha,phishing
https://dashboard-choice.com/,phishing
https://dashboard-choice.com/captcha,phishing
https://data-onlinept.com/,phishing
https://datavine.ws/invoice/,phishing
https://daugsce.com/,phishing
https://dazzled-package-964009.framer.app/,phishing
https://dbs-secure.vercel.app/?entity=31321,phishing
https://dbs.polimenopietrosrl.com/sg/public/,phishing
https://dcanconformite.com/,phishing
https://dcomprobar-cuenta-bhdleon.weebly.com,phishing
https://ddangong.com/content/rpsfhubkea,phishing
https://de305ec9f4ea68908fbd7ad344b777fc.vercel.app/,phishing
https://decameroncolombia-new.vercel.app/,phishing
https://defnewfrenchwin-72e1.vercel.app/,phishing
https://dekuihuanjing.com/content/qcnpkrspnr,phishing
https://delicate-horse-3bbb09.netlify.app/,phishing
https://delivery0420e.liv5781408.pro/,phishing
https://delivery0420e.liv5781408.pro/captcha.php,phishing
https://delivery052h.liv5781408.pro/,phishing
https://delivery052h.liv5781408.pro/captcha.php,phishing
https://delivery0625f.liv5781408.pro/,phishing
https://delivery0625f.liv5781408.pro/captcha.php,phishing
https://delivery0626b.liv5781408.pro/,phishing
https://delivery0626b.liv5781408.pro/captcha.php,phishing
https://delivery0627e.liv5781408.pro/,phishing
https://delivery0627e.liv5781408.pro/captcha.php,phishing
https://delivery0740w.hub463167.pro/,phishing
https://delivery0740w.hub463167.pro/captcha.php,phishing
https://delivery0750v.hub463167.pro/,phishing
https://delivery0750v.hub463167.pro/captcha.php,phishing
https://delivery1065n.m93227143.pro/,phishing
https://delivery1066n.m93227143.pro/,phishing
https://delivery1067n.m93227143.pro/,phishing
https://delivery1068n.m93227143.pro/,phishing
https://delivery3568s.urge463183.pro/,phishing
https://delivery3568s.urge463183.pro/captcha.php,phishing
https://desblo-quear-login-bhd32.weebly.com,phishing
https://desbloquear-bhd.weebly.com,phishing
https://desbloquear-cuenta-bhd32.weebly.com,phishing
https://desbloquearcuentayusuariobhd-2024.weebly.com,phishing
https://desktop-ledgrecdn.wixstudio.com/web-en,phishing
https://dev-south-carolina-dept-of-education-g0-v.pantheonsite.io/,phishing
https://dev.base-man.shop/pB7TpEDvqJdCcjDN,phishing
https://dfgddgd7.weebly.com/,phishing
https://dgaro.fr/espace-securise/,phishing
https://dgcffg.fr/,phishing
https://dgcffg.fr/espace/,phishing
https://dgtoken-sg.danielegasparin.com/,phishing
https://dhl.info-shipment.org/Hq3QfkCx-p9hX6z2/,phishing
https://diagnosticar.becatricodesapi.com,phishing
https://diagnostico.agropacks.com,phishing
https://did.li/GwVOf,phishing
https://digitalbradescoempresas.net/saladeespera,phishing
https://direct.pb3.duckdns.org/,phishing
https://disney100.pages.dev/,phishing
https://dk.bougegdyn.net/,phishing
https://dk.bougegdyn.net/pages/asset.php,phishing
https://dm.bougeydf.com/,phishing
https://dm.grouginecm.com/,phishing
https://dm.grouginecm.com/captcha.php,phishing
https://dm.pb3.duckdns.org/,phishing
https://docs.pb3.duckdns.org/,phishing
https://domain.pb3.duckdns.org/,phishing
https://donaldbet.net/links/,phishing
https://dondantyzip--elirdgz.replit.app/,phishing
https://dorianneartstore.com/dowg,phishing
https://douhed.dnsdojo.com/,phishing
https://dpd-cod.top/uk,phishing
https://dpd.sirjooni.com/,phishing
https://dr.flipme.info/docs/docsign.html,phishing
https://dravela-gld-lormavi-c5t7hc24.pages.dev/,phishing
https://drive-cloud.app/,phishing
https://drive-cloud.app/index.php,phishing
https://drive-fichier.com/,phishing
https://drive-in.cloud/,phishing
https://drive-in.cloud/pages/index.php,phishing
https://drives-workspace.com/,phishing
https://drives-workspace.com/index.php,phishing
https://dshsgnx.cqlingdong.com/,phishing
https://duo-lingo.bolt.host/,phishing
https://duo-lingo.bolt.host/index.html,phishing
https://duolingo.myddns.me/,phishing
https://duolingo.myddns.me/index.html,phishing
https://duvw.top/MUxdAEVE/,phishing
https://dvfbvvdvshghfdhhdhv.weebly.com,phishing
https://dwaadwbhd.weebly.com,phishing
https://e.pb3.duckdns.org/,phishing
https://eailupdate.framer.website/,phishing
https://eastlinkhgdghfjj.weebly.com/,phishing
https://eastmanccu.weebly.com/,phishing
https://eastmancuweb.weebly.com/,phishing
https://easybank-landing-page-six-phi.vercel.app/,phishing
https://ec.pb3.duckdns.org/,phishing
https://ecga.shop/soFbneFy/,phishing
https://ecuadorayudas--ayudasecu.replit.app/?fbclid=IwY2xjawUG9H1wZG9mAWV4dG4DYWVtAjExAGJyaWQRMWNhRGtVak4waXEwaFVUNTRzcnRjBmFwcF9pZBAyMjIwMzkxNzg4MjAwODkyAAEeKlR1xFnARQaQzZ5ndAmWsblqEUUpAZvjKrHbrjBjn-hY8oZO-HvtDRhw9bM_aem_JXbzcDBWWYXCYj0PuWNQog,phishing
https://edgyjedf.com/,phishing
https://eegxvotdnodpu.top/soFbneFy/,phishing
https://effortless-puffpuff-a0722c.netlify.app/,phishing
https://eg-vr-support.ydns.eu/,phishing
https://eguiluz.es/gov/63938763928.html,phishing
https://ehttt.top/apple,phishing
https://eiffage-recrutement.com/,phishing
https://ekaterinburg.pb3.duckdns.org/,phishing
https://em6gto.top/o/n0zc2/7319088730292480#selectedbank9,phishing
https://emctheatre.com/docusign/Mac/utility.php,phishing
https://empresarialsuporte.live,phishing
https://empresasnetbradesco.net/saladeespera,phishing
https://en-coiin-square-cloud.square.site/,phishing
https://encuestaecuador.lat/3gKhsRHNWn?adset_name=%7B%7Badset.name%7D%7D&amp;adset_id=%7B%7Badset.id%7D%7D&amp;ad_id=%7B%7Bad.id%7D%7D&amp;campaign_name=%7B%7Bcampaign.name%7D%7D&amp;placement=%7B%7Bplacement%7D%7D&amp;site_source_name=%7B%7Bsite_source_name%7D%7D&amp;ad_campaign_id=%7B%7Bcampaign.id%7D%7D,phishing
https://eng-kucoin-us-help.framer.ai/,phishing
https://enjoyhiltonhead.com/wp-includes/Text/hxsvmpt/nveakdw/qmiprfh/boavmo.html,phishing
https://enormous-apricot-bhhnh1v5.edgeone.dev/,phishing
https://epodatelna.webflow.io/,phishing
https://eprime-access-index.com,phishing
https://eprime-access-index.com/index.php,phishing
https://equipo-prevenciones-fraudes-bancobhd2025.weebly.com,phishing
https://equuyl.com/bsdf/wibdx,phishing
https://er-zimbr.netlify.app/,phishing
https://er7qfi.casa/o/00olp/7309911045607424#selectedbank9,phishing
https://erutjhpk.login.dwmnhsqa.wccheck-6b3c4826-a.santandertelephony-yfcowbeta.bimp-bot.duckdns.org/,phishing
https://esfesfs.com/,phishing
https://espacce-secure-ce.com/5tynbei,phishing
https://espace-paribas.bolt.host/,phishing
https://espace-paribas.bolt.host/index.html,phishing
https://espace-streanig.com/5tynbe,phishing
https://espace97280.com/,phishing
https://espace97280.com/index.php,phishing
https://etaxpanel.vetactivity.ro/captcha.html?redirect=%2Fcheckout.html,phishing
https://etaxpanel.vetactivity.ro/checkout.html,phishing
https://ev.pb3.duckdns.org/,phishing
https://events.pb3.duckdns.org/,phishing
https://evm-claimrr.netlify.app/,phishing
https://experienced-emojis-635132.framer.app/,phishing
https://exploreuphold.zapier.app/,phishing
https://express-zpedidos.vercel.app/,phishing
https://extranet.pb3.duckdns.org/,phishing
https://f005.backblazeb2.com/file/besala/Cloud%20Storage%20FlowCloud%20Storage%20Flow1......HTM,phishing
https://f005.backblazeb2.com/file/besala/Cloud+Storage+FlowCloud+Storage+Flow1......HTM,phishing
https://f005.backblazeb2.com/file/mybillishere/mtsprofile1.html,phishing
https://f6hcv5m29r-03b208a828.vercel.app/,phishing
https://fabulous-cucurucho-3d90fe.netlify.app/,phishing
https://facebookloginuser.blogspot.com/,phishing
https://facture-65221.com,phishing
https://facture-65221.com/suivi,phishing
https://facture-65523.com/,phishing
https://facture-65523.com/suivi,phishing
https://facture-92481.com/index.php,phishing
https://facture-92481.com/suivi,phishing
https://faqs-start-trezzr.typedream.app/en-us,phishing
https://farmapay-eight.vercel.app/,phishing
https://fascicolo-sanitario.com/,phishing
https://fascicolo-sanitario.com/captcha.php,phishing
https://fatturazione-aruba.pikapod.net/.success/connect/,phishing
https://feindom.blogspot.com/,phishing
https://femnoaod.blogspot.com/,phishing
https://fend43.blogspot.com/,phishing
https://fenda2.blogspot.com/,phishing
https://fendrt.blogspot.com/,phishing
https://fentasr.blogspot.com/,phishing
https://fertndo.blogspot.com/,phishing
https://festividadesdelocurasbhd.weebly.com,phishing
https://ff.isp64.net,phishing
https://fidelidade-pontos-app.ct.ws,phishing
https://fimdoso.blogspot.com/,phishing
https://findimesi.blogspot.com/,phishing
https://findinmestiic.blogspot.com/,phishing
https://findme2ce.blogspot.com/,phishing
https://findometsix.blogspot.com/,phishing
https://finiityupdate.dpdns.org/,phishing
https://finityvoice.weebly.com/,phishing
https://finsdoa.blogspot.com/,phishing
https://first-lifecycle-316758.framer.app/,phishing
https://fjjdl.com/rKKn46jvQl.fukui.jp,phishing
https://fjwswl.com/?authticket=OZxMrCQw,phishing
https://flacka.pb3.duckdns.org/,phishing
https://flat-bread-04ca.cloudflareaccess.com/cdn-cgi/access/login/vertiv-command-center.pages.dev?kid=617efb6eb0445e77d08421b7c2075c08ed7302463271c62a28d702c82772462a&meta=eyJ0eXAiOiJKV1QiLCJhbGciOiJSUzI1NiIsImtpZCI6IjNlMWNlMzYzY2U4MmM2ODUwMmEwMTZjYTU2ZDU0Y2RmNDZkYTFiY2RlNWM1ZTQ4NTQ1ZWZkYTkzMTAwZTQ2MDUifQ.eyJ0eXBlIjoibWV0YSIsImF1ZCI6IjYxN2VmYjZlYjA0NDVlNzdkMDg0MjFiN2MyMDc1YzA4ZWQ3MzAyNDYzMjcxYzYyYTI4ZDcwMmM4Mjc3MjQ2MmEiLCJob3N0bmFtZSI6InZlcnRpdi1jb21tYW5kLWNlbnRlci5wYWdlcy5kZXYiLCJyZWRpcmVjdF91cmwiOiIvIiwic2VydmljZV90b2tlbl9zdGF0dXMiOmZhbHNlLCJpc193YXJwIjpmYWxzZSwiaXNfZ2F0ZXdheSI6ZmFsc2UsImV4cCI6MTc4ODM2NjU2MSwibmJmIjoxNzg4MzY2MjYxLCJpYXQiOjE3ODgzNjYyNjEsImF1dGhfc3RhdHVzIjoiTk9ORSIsIm10bHNfYXV0aCI6eyJjZXJ0X2lzc3Vlcl9kbiI6IiIsImNlcnRfc2VyaWFsIjoiIiwiY2VydF9pc3N1ZXJfc2tpIjoiIiwiY2VydF9wcmVzZW50ZWQiOmZhbHNlLCJjb21tb25fbmFtZSI6IiIsImF1dGhfc3RhdHVzIjoiTk9ORSJ9LCJyZWFsX2NvdW50cnkiOiJVUyIsImFwcF9zZXNzaW9uX2hhc2giOiI1NGZlNWFkMTZiNTczM2MyMDkwNzJlNDI3ZTI0ZGRiZGRjNjk4NjNlY2Y0MzY1MDVhZjAyYmQzOTYyOWY3ZTYwIn0.PkmNIt8RVU5urweB3HRyEoZfi_uvIxVpr7tAJ73B_swNf9Y5pMJibcdBgrRNiHRXB7_Ay0AFKXqvvkYpONn6gh8ORcoSGO0EKu6-Q--1UUXfcfhfNjhzrU37fovUvRaaXFosIi5BV7cnGZ8u7NEHZ3j8qJqZKApw3pM_996ZrzN3r8z-9foPUJfyjknYrWXqYcfpYwj_JBpA04X-3yS4SN2RcUQMNnJJDRaRoqtDMKSMW1zloa9L-tWvolW6YPeDhr-hrv0BoLZTXKMDBnq4eYQiK6OxiiOjtx_yobGhESbjchQ85U2rzSLEXLHTtBwZLhfiajkP4NDCfTnvJGC4eA&redirect_url=%2F,phishing
https://flixstreamingr.com,phishing
https://flowcode.com/p/1323xYuQZ?fc=0,phishing
https://flowcode.com/p/eR0yDafZND,phishing
https://flowcode.com/p/eRMpa0VYT5?fc=0,phishing
https://flowcode.com/p/eRcvfQ6DW4,phishing
https://flowcode.com/p/eRcvfkjT49?fc=0,phishing
https://flowcode.com/p/kxa8ik81N?fc=0,phishing
https://flowcode.com/p/zwNAdI3O?fc=0,phishing
https://flowto.it/eR0yDafZND,phishing
https://flowto.it/eRcvfQ6DW4,phishing
https://flowto.it/eRcvfkjT49?fc=0,phishing
https://flrk.shop/paypay.ne.jp=Gs0JwOhyzYZJIUM_wGH1dXMMAYUsYojRktgKMrLOequgMve285M7d8LeAoaLkihyNZQUXyZyJkix1BlaCnpk-QZBhGH,phishing
https://forever21closed.com/fingerprint.php,phishing
https://formidable-ivory-hy7ukyrb.edgeone.dev/,phishing
https://formnnn-dnaindo.stripest.biz.id/,phishing
https://forms.visme.co/fv/p91n7mqg-yerjdz,phishing
https://formulario-cita-digital-apjsh-2026.cr-web.workers.dev,phishing
https://formulario-de-cita-digital-anjm-2026.cr-web.workers.dev,phishing
https://formulario-de-cita-digital-anjm-2026.cr-web.workers.dev/servicios,phishing
https://formulario-de-registro-2026-aupmnt.cr-web.workers.dev,phishing
https://formulario-de-registro-2026-aupmnt.cr-web.workers.dev/servicios,phishing
https://formulario-digital-advbna-2026.cr-web.workers.dev,phishing
https://formulario-digital-advbna-2026.cr-web.workers.dev/servicios,phishing
https://formulario-digital-auyth-2026.cr-web.workers.dev,phishing
https://formulario-digital-auyth-2026.cr-web.workers.dev/servicios,phishing
https://fr8610.craftum.io/,phishing
https://frforte.com.br/login.php,phishing
https://frpinterest.com/drgapmuh,phishing
https://frpinterest.com/drgapmuh/,phishing
https://ftso.top/MUxdAEVE/,phishing
https://fu6dn.blogspot.com/,phishing
https://fun-workshops-999341.framer.app,phishing
https://futuremuseum-uae.webflow.io/,phishing
https://fy5w-nxh6-g2ho.joliver-powershopscentralia-com-s-account.workers.dev/api/sessio...,phishing
https://fy8bxu.sbs/m/93lx0/7309544071114752#selectedbank9,phishing
https://fzhxlcy.com/dsfd,phishing
https://g.pb3.duckdns.org/,phishing
https://g2prly.sbs/o/53otu/7317012725878784#selectedbank9,phishing
https://g5.lu/yk73v,phishing
https://gamini-logi.weebly.com/,phishing
https://ganadero-sage.vercel.app/,phishing
https://gaojiangdianli.com/content/rpsfhubkea,phishing
https://garagerossi-ch.mistyvale.de/Yxz8N/index.php?key=KcaQezEZrO,phishing
https://garam168.com/,phishing
https://gastaldiferla.com.ar/antai/amnd/,phishing
https://gastric-turquoise-uqpzxsmk.edgeone.dev/,phishing
https://gebyar-shopee84.blogspot.com/,phishing
https://gerente-chatempresa.app,phishing
https://gesgesg.com/5tynbei,phishing
https://getaccesstosafepalassetsonline.pages.dev/,phishing
https://geynl.com/press/RmkiBIVclp,phishing
https://ggggdjjjjjzip--farma26.replit.app/,phishing
https://ghytyk7ugyh6ygy6yg.weebly.com/,phishing
https://giftscommunity.beer/id=489501036,phishing
https://gk.bnznji.net/Adobe/Adobe-digital-exe/download.html,phishing
https://glabmspark.shop/jinhcgydko,phishing
https://glmf.shop/paypay.ne.jp=Gs0JwOhyzYZJIUM_wGH1dXMMAYUsYojRktgKMrLOequgMve285M7d8LeAoaLkihyNZQUXyZyJkix1BlaCnpk-QZBhGH,phishing
https://globa97.eu.cc/index/user/register,phishing
https://global68.eu.cc/1254168848,phishing
https://globalrepresentaciones.com/next/aruba071126/web/authen.php,phishing
https://globaltestlogin.vercel.app,phishing
https://globusmedical.passkeyconnect.com/sign-in/,phishing
https://gmail-account.vercel.app/,phishing
https://gmail-verify.netlify.app/,phishing
https://go-ledger-com.typedream.app/,phishing
https://goo.su/IvMWQ,phishing
https://goo.su/O6hj,phishing
https://goo.su/Wruv,phishing
https://goo.su/ykRQA,phishing
https://goo.su/zlqUpzI,phishing
https://goodsoul2213.wixsite.com/back-pro,phishing
https://gorgeous-decisions-760402.framer.app/,phishing
https://gottigang.netlify.app/,phishing
https://gov-pl-web.com,phishing
https://govtment.sbs/,phishing
https://grafeno-siteapp.digital/,phishing
https://grand-prize60.blogspot.com/,phishing
https://gratuit-5538115.webadorsite.com/,phishing
https://gravatar.com/supernaturallya511883d7b,phishing
https://greececommerce.com/wp-acess/login.php,phishing
https://green-dot-web.netlify.app/,phishing
https://greltapost.com,phishing
https://grv564298.pro/,phishing
https://grv564298.pro/index.php,phishing
https://gtconligt.z38.web.core.windows.net/,phishing
https://gtttn.top/jp,phishing
https://gtttr.top/jp,phishing
https://gtttt.top/jp,phishing
https://gtttv.top/jp,phishing
https://gubnyt.cfd/content/uwdhruqfuv,phishing
https://guiatotalbrasil.com/DocuSign/Mac/utility.php,phishing
https://gvohrz.com/page/xoyrxxkygy,phishing
https://gvvvc.top/jp,phishing
https://gwqf.shop/paypay.ne.jp=Gs0JwOhyzYZJIUM_wGH1dXMMAYUsYojRktgKMrLOequgMve285M7d8LeAoaLkihyNZQUXyZyJkix1BlaCnpk-QZBhGH,phishing
https://gzpingyuanrl.com/page/yuzlzlurfz,phishing
https://h2w7k9f4p1b6t8s3ny.live,phishing
https://h2w7k9f4p1b6t8s3ny.live/,phishing
https://h2w7k9f4p1b6t8s3ny.live/p/sealV3MU,phishing
https://h8k5yr.lat/o/59nly/7320827387469824#selectedbank9,phishing
https://h9r3yk.lat/i/g6npp/7316320991015168#selectedbank9,phishing
https://haciendacr.eu.cc,phishing
https://haorunda.com/content/bmbqztsotq,phishing
https://happymusichome.com/register,phishing
https://harte-vermthal.com/,phishing
https://he1rmr.casa/o/rsswb/7321829992583168#selectedbank9,phishing
https://hedsdc.nnhwm.com/?Kq6mLAI,phishing
https://hellofaiz.github.io/facebook-13-mar-test,phishing
https://help-coinbase.beer/,phishing
https://help-coinbase.beer/login.php,phishing
https://help-exods-wallet.wasmer.app/,phishing
https://help-kucoinn-eng.framer.ai/,phishing
https://help-l-edg-er-liv-e.typedream.app/,phishing
https://henglong228.com/uid_4924443545?ticket=GSHxdrfbnZ,phishing
https://hitdifferentupdate.framer.website/,phishing
https://hjh.obp.mybluehost.me/wp-includes/sitemaps/mxpqhlo/legm1oi/jpgxcra/d/auth/login.php,phishing
https://hk-dbs.org/IB/Welcome,phishing
https://hlfwa.koeller-it-consulting.com/california/login,phishing
https://hmrlyy.com/hlbn,phishing
https://hnuqq.com/fingerprint.php,phishing
https://hnxhzsw.com/content/rpsfhubkea,phishing
https://ho.wthzfq.org/First/First.php,phishing
https://ho.wthzfq.org/First/cod.php,phishing
https://ho.wthzfq.org/First/login2.php,phishing
https://homeespl.weebly.com/,phishing
https://homepage-cryptoto-cm-com.square.site/,phishing
https://hotels.pb3.duckdns.org/,phishing
https://href.li/?https://ontwig.com/hyX5FLa?/ADFDAF,phishing
https://href.li/?https://ontwig.com/hyX5FLa?/SFGD,phishing
https://href.li/?https://ontwig.com/hyX5FLa?/VGda,phishing
https://huadong-cofco.com/fingerprint.php,phishing
https://hub-browse.com/,phishing
https://hub-browse.com/captcha,phishing
https://hub-browser.com/,phishing
https://hub-browser.com/captcha,phishing
https://hub-dashboard.com/,phishing
https://hub-dashboard.com/captcha,phishing
https://hudybed.com,phishing
https://hulu-customer-support.pages.dev/,phishing
https://hunch-dpp9fo7ukraf.edgeone.dev/,phishing
https://hurenzbbs.com/page/plmbbecfqm,phishing
https://hw7393.craftum.io/,phishing
https://i6mqrf.sbs/o/n0zc2/7319088730292480#selectedbank9,phishing
https://i6vakx.sbs/m/93lx0/7309544071114752#selectedbank9,phishing
https://ia.pb3.duckdns.org/,phishing
https://id51395813.cfd/200032788,phishing
https://id51395813.cfd/277403064,phishing
https://idmesupportme.com/ID/,phishing
https://idrav.shop/paypay.ne.jp=Gs0JwOhyzYZJIUM_wGH1dXMMAYUsYojRktgKMrLOequgMve285M7d8LeAoaLkihyNZQUXyZyJkix1BlaCnpk-QZBhGH,phishing
https://idspectrumailsignin.weeblysite.com/,phishing
https://igjreoijgre1488.com/,phishing
https://ijiawu.net/s/nL7oUqek4g,phishing
https://ilanchile.cl/zee/next/aruba071126/web/authen.php,phishing
https://imadlohwak1787030968630.1250059.misitiohostgator.com/dbbs/,phishing
https://img1.pb3.duckdns.org/,phishing
https://info-ntflix.com/,phishing
https://info-ntflix.com/captcha,phishing
https://info.corporation-mondialrelay.com/,phishing
https://info.corporation-mondialrelay.com/index.php,phishing
https://info475985.wixsite.com/so/5aQ0osgUc/c?w=gjutQTW2OGfvIGZId4SSagYZbjJYNKtr5TXcQZdhMjA.eyJ1IjoiaHR0cHM6Ly9zaXRlcy5nb29nbGUuY29tL2F1c3RpbmZpbmFuY2lhbC51cy9pbnR1aXQ_dXNwPXNoYXJpbmciLCJyIjoiMWZkZGJhYjItNmI0Yy00YjZjLWJkMWItOTI2OTkyYmNjZDc1IiwibSI6Im1haWwiLCJjIjoiNGJiZGZjNjItMThhMy00ZDJlLWE5M2ItMTUxMjQ5OGU1ZWFlIn0,phishing
https://infomailsmms.mypixieset.com/,phishing
https://infopakkhl-ee.com/,phishing
https://information-greece.blogspot.com/,phishing
https://ingeko-energies.fr/wp-content/plugins/ojypkws/online.html,phishing
https://ingreseaqui365.webcindario.com/,phishing
https://ingrsoseg234.webcindario.com/,phishing
https://inobra.ar/7e84wp/aza/javared.php,phishing
https://inoside.com/firstlevel/easy,phishing
https://inoside.com/firstlevel/easy/,phishing
https://inoside.com/firstlevel/easy/Lrxsouay/LcvgvjcTkFTN/ey/index.php,phishing
https://insightglobal-hiring.com/,phishing
https://instant-as-built.de/Acmecos/download.html,phishing
https://institutodebate.com/daomart/,phishing
https://intermaticopacifico.onrender.com/,phishing
https://intuit-sec.s3.us-east-1.amazonaws.com/QuickBook-Google.html#,phishing
https://invite.go2omega.com/go/Mac/utility.php,phishing
https://iridescent-bombolone-aefb02.netlify.app/,phishing
https://irs.denhamworks.click/notice/,phishing
https://irs.digitalasset-platform.com/get-started/33454/,phishing
https://irs.digitalassetcompliancecheck.com/get-started/37153/,phishing
https://irs.digitalassetcompliancecheck.com/get-started/37443/,phishing
https://irs.digitalassetscomplianceportal.com/get-started/40368/,phishing
https://irs.digitalcomplianceportal.com/get-started/245105/,phishing
https://irs.getdigitalassetcompliance.com/get-started/18858/,phishing
https://irs.getdigitalassetcompliance.com/get-started/35543/andrew-katz,phishing
https://irs.mydigitalassetcompliance.com/,phishing
https://irs.mydigitalassetcompliance.com/get-started/13709/,phishing
https://irsci.net,phishing
https://irsci.online,phishing
https://irsgovidmec7941f4d73b81490ed15f9438d3a5160.orofly.com.br/id?c7941f4d,phishing
https://iruckierstattsung99.site/success-login/neues26a2sui55ss/a50de55asc52ha322s1a8629695.php,phishing
https://iruckierstattsung99.site/success-login/neues26a2sui55ss/aos566a2cd5a477w85a63c22a45.php?ID-connect?q=df&ehome&j-oin-us.x=9b0a108fa180f02552ab3d668a27c20f9b0a108fa180f02552ab3d668a27c20f,phishing
https://isau.shop/paypay.ne.jp=Gs0JwOhyzYZJIUM_wGH1dXMMAYUsYojRktgKMrLOequgMve285M7d8LeAoaLkihyNZQUXyZyJkix1BlaCnpk-QZBhGH,phishing
https://it.pb3.duckdns.org/,phishing
https://itau-snowy.vercel.app/,phishing
https://itauu.vercel.app/,phishing
https://itauu.vercel.app/abrir.html,phishing
https://itdskczech.weebly.com/,phishing
https://ithelpdeskwebformnotice.weebly.com/,phishing
https://iueegfesd.com/,phishing
https://iueegfesd.com/5tynbei,phishing
https://izukm.vu/svc-config-bucket-7f9k/privacy-policy.html?__cf_chl_rt_tk=1biYWuv09oX0sS_HzVWDa43o9qZqOikN1q6L4KQdJYg-1786988135-1.0.1.1-HZZ54oPbEy210hQDB50iEmPmTvRpyn4p9JTuVdS5M04#drnichole@gieskenchiropractic.com,phishing
https://jadlogaavis.vercel.app/status.html?cpf=08919773920&amp;nome=Leticia%2520Gabrielli%2520Freitas,phishing
https://jdjdldkenrkf.sbs/,phishing
https://jiajiaxiu.com/system/customer/security/account-center,phishing
https://jiefengd.com/u_wf9zxRhm/verify?ticket=tHrhIyMM,phishing
https://jinlangxing.com/content/rpsfhubkea,phishing
https://jmdzm.com/hlbn,phishing
https://joannsalestore.com/fingerprint.php,phishing
https://jobsjawatanbsnmalaysia2026.weebly.com,phishing
https://johnlennonl.github.io/ficohsa,phishing
https://johnlennonl.github.io/ficohsa/,phishing
https://jpsrental.com.au/ctips.php/,phishing
https://jrgwc.shop/paypay.ne.jp=Gs0JwOhyzYZJIUM_wGH1dXMMAYUsYojRktgKMrLOequgMve285M7d8LeAoaLkihyNZQUXyZyJkix1BlaCnpk-QZBhGH,phishing
https://jtechnet.com.br/DigitalToken/DBS/DBS/,phishing
https://jtexpress.mwkqbr.club/com/#/index,phishing
https://juno-web-101555.square.site/,phishing
https://junos-sublime-site-610796.webflow.io/,phishing
https://justekg.com/hlbn,phishing
https://justotakuthings.com/deal/nglqoiqral,phishing
https://jygteude.com,phishing
https://jzjiabei.com/system/customer/security/account-center,phishing
https://k6crev.top/m/93lx0/7309544071114752#selectedbank9,phishing
https://k7cq3h.hair/o/2kja6/7315885054394624#selectedbank9,phishing
https://kavito.mixn.eu.cc/,phishing
https://keczad.ynfgc.com/,phishing
https://kern-kapithal.com/,phishing
https://khabarovsk.pb3.duckdns.org/,phishing
https://kkkat.top/jp,phishing
https://kkkax.top/jp,phishing
https://kkkba.top/jp,phishing
https://kkq1ki.bgp04.sbs/,phishing
https://kkq1ki.bgp04.sbs/?r=,phishing
https://kleinanzeigen-bestellung.bbltg.com/Gf-4Wp6rTjX?m=3,phishing
https://kleinanzeigen.3329582.com/pWSmdJDR?r=7,phishing
https://kmskfp.com/content/rpsfhubkea,phishing
https://kocaman.github.io/workout,phishing
https://kontozazerowpkobp-biz.pages.dev/,phishing
https://konyatabelareklam.com/disog,phishing
https://kqlyp.com/view/8v9mKweuBw,phishing
https://kucoine-learn-doce.typedream.app/,phishing
https://kuvcoinnloginz.webflow.io/,phishing
https://kuxmy.top/MUxdAEVE,phishing
https://kxlrq170nhw-fghzdfyn-3y8x0g-wp611a.pages.dev/welcome_aboard?welcome=1004568689256840&token248=1004568689256840&name_token136=FoodieLand%20-%20Portland,phishing
https://kyduifui.b-cdn.net/all1.html,phishing
https://kz7dsq.top/o/rsswb/7321829992583168#selectedbank9,phishing
https://kzenedge.vercel.app/,phishing
https://l0gin-signredirecturi-9992fweb-2faccoun.webflow.io/,phishing
https://l4-design-system.vercel.app/projetos-hxc/ecosistema-hxc/landing-loterico.html,phishing
https://la-87587885-pdgtyu.s3.amazonaws.com/index.html,phishing
https://laststepverify.com/reward/robux/?s1=ROGER,phishing
https://lczswzi.com/ncr/vvyihnqu/uilbqd/swpb/vmaoom/woykr/bpkhqq/alg,phishing
https://lecaikejiao.com/uid_4673027932?ticket=ofuT1ALEqM,phishing
https://ledger-deskto-support.square.site/,phishing
https://ledger-lives-desktop.square.site/,phishing
https://ledger-security-checker.com/,phishing
https://ledgerlivewebapp.com/,phishing
https://leilabahia2026.vercel.app/index.html,phishing
https://leonisabolivia.weebly.com/,phishing
https://lg8ems.top/o/00olp/7309911045607424#selectedbank9,phishing
https://liangjifang.com/content/rpsfhubkea,phishing
https://library.pb3.duckdns.org/,phishing
https://lihua99.com/uid_LfqRje3S/GZBkV?ticket=M2nkEsJU,phishing
https://limitbasemoney-controlsrulebook.s3.us-east-005.backblazeb2.com/aumento.html,phishing
https://limitlessdubai-dp8oxsl60kva.edgeone.dev/,phishing
https://link-novobanco.com/,phishing
https://linux-hp-prodesk-600-g2-sff.tailbe60c2.ts.net/,phishing
https://linux-hp-prodesk-600-g2-sff.tailbe60c2.ts.net/login.html,phishing
https://liposas.com/,phishing
https://live.invoice.vult.authenticat0r.buzz/,phishing
https://ln.run/3dHof,phishing
https://ln.run/SNfYj,phishing
https://lndosnr743.shop/o/rsswb/7321829992583168#selectedbank9,phishing
https://lnk.ink/wwww.roblox.ccom,phishing
https://lnpazkanr6263.shop/o/rsswb/7321829992583168#selectedbank9,phishing
https://lnrhdb.com/?authticket=HKHGLgXi,phishing
https://loctiteg.com/uid_2153574972?ticket=M1D9XoPZik,phishing
https://login-drivez.com/,phishing
https://login-drivez.com/pages/index.php,phishing
https://login-drivez.com/pages/r.php,phishing
https://login-murrays-state-site.webflow.io/,phishing
https://login-pn-reinventabanbif.netlify.app/,phishing
https://login-pn-reinventabanbif.netlify.app/work/,phishing
https://login-screen-876543224.square.site/,phishing
https://login.gcrtn.com/?JOlqDVnk8sXfZ9U9B005AV62,phishing
https://login.gxfdwj.com/?gYsm8KkgUBHGPrpbaYnyhDY4,phishing
https://login.gzqdmz.com/?lfjRlu4C5MLJE31KF5H4uiXV,phishing
https://login.hbcyjy.com/login,phishing
https://login.hcjksc.com/?3o2nGDuLhZ1jcNH5RUzmsopN,phishing
https://login.letsvpn-aas.com.cn/?QAgIi5KfOBGDBypAiFy5gpGL,phishing
https://login.meetsoyjs.com/?ok2njmsNo2NvBe87ioLUTpNB,phishing
https://login.sh-hcty.com/?NilWWDRus7v1PPra06SbnYIM,phishing
https://login.utkwdke.com/?fPMl0fZ1OnjtkIEc94hvnOt0,phishing
https://loginenvistafix.weebly.com/,phishing
https://loginsecurde4-dpqom26teqv9.edgeone.dev/,phishing
https://loginxfinitycom.weebly.com/,phishing
https://loginxxfinity.weebly.com/,phishing
https://loglnportalesbanchile.com/,phishing
https://logon.confirmation.vu/notifications.aspx?valid=a@b.com,phishing
https://loi2051.cfd/o/n0zc2/7319088730292480#selectedbank9,phishing
https://loja-2026-4.myshopify.com/products/freezer-horizontal-electrolux-513l-inverter-uma-porta-hi550-cor-branco?utm_source=organic&amp;amp;amp;utm_campaign=&amp;amp;amp;utm_medium=&amp;amp;amp;utm_content=&amp;amp;amp;utm_term=,phishing
https://lojadomecanicopix.vercel.app/assista,phishing
https://lonato-cc-il-leone-shopping-center.vodafone-on-line.it/,phishing
https://lovely-surprise-937079.framer.app/,phishing
https://lpost-sa72.shop/o/n0zc2/7319088730292480#selectedbank9,phishing
https://lt6rfa.casa/m/93lx0/7309544071114752#selectedbank9,phishing
https://ltvgj.top/MUxdAEVE,phishing
https://lundi-suivi-jour.com/,phishing
https://lundi-suivi-jour.com/suivi,phishing
https://lundi111-recor.com/,phishing
https://lundi111-recor.com/index.php,phishing
https://luxurysierranevada.com,phishing
https://lvfdpay.shop/jinhcgydko,phishing
https://lxchangming.com/content/sfqqngcapy,phishing
https://lyncdiscover.pb3.duckdns.org/,phishing
https://m-r.pw/SUnq,phishing
https://m.help-coinbase.beer/,phishing
https://m.help-coinbase.beer/login.php,phishing
https://m36502847-shared-docu.live-document-m365022.workers.dev/,phishing
https://m4nfdw.top/o/n0zc2/7319088730292480#selectedbank9,phishing
https://m8hr3v.lat/o/cl2qy/7315896032923904#selectedbank9,phishing
https://m8q3v1k7x4n9c2r6bz.live,phishing
https://m8q3v1k7x4n9c2r6bz.live/,phishing
https://m8q3v1k7x4n9c2r6bz.live/p/VXszy2Ns,phishing
https://m9uq2b.cfd/m/93lx0/7309544071114752#selectedbank9,phishing
https://ma-securite-ca.com/,phishing
https://ma-securite-ca.com/captcha.php,phishing
https://madgeff.direc4571512.pro/,phishing
https://madgeff.direc4571512.pro/captcha.php,phishing
https://magalu-com-cadeira.vercel.app/,phishing
https://magalu.free.je/?i=1,phishing
https://magical-dasik-88fea6.netlify.app/,phishing
https://magnu.shop/soFbneFy/,phishing
https://mail.rexulysseprime.com/annuler-commande?token=null,phishing
https://mail.rexulysseprime.com/annuler?token=null,phishing
https://mail.rexulysseprime.com/vos-commandes?token=null,phishing
https://mailalert.edgeone.dev/,phishing
https://mailbox-validatinggg-outlook-00433.weebly.com/,phishing
https://mailling.ecolefouadgroupsg.com/,phishing
https://mailling.foufouaddedegroupecole.com/,phishing
https://mainteiment-bhdservjust.weebly.com,phishing
https://maislimitelive.vercel.app/,phishing
https://malinosayr1787243640405.0591585.meusitehostgator.com.br/avvoir/avidanew/avidanew/page/info.php,phishing
https://mallhorde.weebly.com/,phishing
https://mannger-us-checcksupports-verrification.click/,phishing
https://mannger-us-checcksupports-verrification.click/login,phishing
https://maohuiwen.cn/main/qryz60tdqnnrd1a,phishing
https://maprimesante-vitales.abonnesclients-renouvellables.digital/,phishing
https://maprimesante-vitales.abonnesclients-renouvellables.digital/index.html,phishing
https://markvexo-de.com/,phishing
https://marmoud.direc4571512.pro/,phishing
https://marmoud.direc4571512.pro/captcha.php,phishing
https://mascottevent95.fr/wp-includes/sitemaps/wzeiajm/d1gmfno/vhcqwrn/aldomainn.html,phishing
https://mastercardcrc.gu.cc/,phishing
https://mastevisa.sbs/,phishing
https://maternitycarealberta.com/content/pwthrfpcwq,phishing
https://mbank-akademia.pages.dev/,phishing
https://mc.pb3.duckdns.org/,phishing
https://mdexpress.graviontech.com/,phishing
https://mdexpress.graviontech.com/captcha.php,phishing
https://mdjk.shop/soFbneFy/,phishing
https://mechawerk.shop/soFbneFy/,phishing
https://meet.google.com/linkredirect?dest=https://www.google.co.uk/url?q=amp%2Fadservice.google.com.ph%25252Fddm%25252Fclk%25252F424929466%25253B226923624%25253Br%25253Bu%25253Dds%252526amp%25253Bsv1%25253D64195420186%252526amp%25253Bsv2%25253D3261659123742877%252526amp%25253Bsv3%25253D6702577448695742699%252526amp%25253Bgclid%25253DEAIaIQobChMIurHiwbHn8gIVBZ53Ch2TZAIsEAQYASABEgKAL_D_BwE%25253B%25253F%25252F%25252Ftracking.us.nylas.com/l/97231ccaa8014bfc9b92a4e1a5a1453d/0/352a88aaa3f02a7f337fe328f24d29549b08add788a0305bc5c735bf64964b2f?cache_buster=1787156495,phishing
https://megaofertss.com/,phishing
https://meinpetvital.de/crp/,phishing
https://melioniserv.justns.ru/dkb_/login.php,phishing
https://memberrewards.netlify.app/,phishing
https://mes-avoirs-sante.com/?email=,phishing
https://mes-factures-24741.com/,phishing
https://mes-factures-24741.com/index.php,phishing
https://mes-factures-amz.com/,phishing
https://mes-factures-amz.com/pages/desktop/remboursement/prime/confirmation.php,phishing
https://mes-factures-amz.com/pages/mobile/remboursement/prime/confirmation.php,phishing
https://mesmerized-dotterel-4bd504.instawp.xyz/3ez/cz/,phishing
https://meta-verified.bolt.host/,phishing
https://metahelper-support.tiiny.site/,phishing
https://metalsb.com.br/-/,phishing
https://metalsb.com.br/app,phishing
https://metalsb.com.br/app/,phishing
https://metamschronextens.gitbook.io/it,phishing
https://metamzklgen.gitbook.io/us,phishing
https://mgmbxm9s2n.us-east-2.awsapprunner.com/?username=pierre.grie@nameshield.net,phishing
https://mgmntss-www.com/slgnln,phishing
https://mgpxq.com/ggCcQZ,phishing
https://mgyk.shop/soFbneFy/,phishing
https://mhcbsdfgs.art/,phishing
https://mhjs.shop/soFbneFy/,phishing
https://microsaft-365.com/app/8Prtxtq6HULYCCQxTFoHWE,phishing
https://mimosawedding.vn/w/,phishing
https://mimosawedding.vn/w/it/login.php,phishing
https://minhasortegrande.vercel.app/,phishing
https://miniature-octo-waffle-dpgu17krrwmh.edgeone.dev/,phishing
https://minimum-advantage-919889.framer.app/,phishing
https://mirasofall.com/,phishing
https://mjpwxsmh.formester.com/f/ObFAqjeL3,phishing
https://mkpqcbr.com/view/radfTprBTd,phishing
https://mkpscbr.com/view/radfTprBTd,phishing
https://mleb.shop/paypay.ne.jp=Gs0JwOhyzYZJIUM_wGH1dXMMAYUsYojRktgKMrLOequgMve285M7d8LeAoaLkihyNZQUXyZyJkix1BlaCnpk-QZBhGH,phishing
https://mm.pb3.duckdns.org/,phishing
https://mmcglobal.passkeyconnect.com/sign-in/,phishing
https://mmmyyttsswebmaiii.weebly.com,phishing
https://mmmyyttsswebmaiii.weebly.com/,phishing
https://mn3w-fny9-jyay.dibafef289.workers.dev/3410deffe3b7ed9e?email=elynx@7c252ba54cf7c952cfe9e66cb56a0aefd4e7.net,phishing
https://mnneammnskklogon.gitbook.io/us,phishing
https://modern-companies-550952.framer.app/,phishing
https://modest-teammates-135630.framer.app/,phishing
https://moisty-mayer80.bolt.host/,phishing
https://moisty-mayer80.bolt.host/index.html,phishing
https://molfex.cfd/dsfd,phishing
https://molusque30.bolt.host/,phishing
https://molusque3vfdt.com/,phishing
https://mon-accueil-ca.com/,phishing
https://mon-accueil-ca.com/captcha.php,phishing
https://mon-espace-assu.com/,phishing
https://mon-espace-assu.com/antibot/captcha.php,phishing
https://mon-espace-assures.com/?email=,phishing
https://monaclient.com/,phishing
https://monaclient.com/blog/blog.php,phishing
https://monaclient.com/pages/index.php,phishing
https://moncompteespaceclient.com/,phishing
https://mondi-fastservice.com/,phishing
https://mondi-fastservice.com/pages/desktop/suivi/index.php,phishing
https://mondi-fastservice.com/pages/mobile/suivi/index.php,phishing
https://mondial-relivrer-enligne.com/,phishing
https://mondial-relivrer-enligne.com/index.php,phishing
https://mondial-relivrer-enligne.com/pages/desktop/suivi/index.php,phishing
https://mondial-relivrer-enligne.com/pages/mobile/suivi/index.php,phishing
https://mondial.relay-belge.com/,phishing
https://mondial.relay-belge.com/captcha.php,phishing
https://monespace-primefr.info/,phishing
https://monespace-primefr.info/login.php,phishing
https://moneypocket4.keslams.sbs,phishing
https://monoption-creneaumr.help/,phishing
https://monoption-creneaumr.help/login,phishing
https://monpass-securite-sg.com/,phishing
https://monpass-securite-sg.com/pages/desktop/securite/index.php,phishing
https://monpass-securite-sg.com/pages/mobile/securite/index.php,phishing
https://monprime-espace.com/,phishing
https://monprime-espace.com/pages/desktop/remboursement/prime/confirmation.php,phishing
https://monprime-espace.com/pages/mobile/remboursement/prime/confirmation.php,phishing
https://monprime-espace.info/,phishing
https://monprime-espace.info/captcha.php,phishing
https://monvirement.weebly.com/,phishing
https://moonshot-listing-2ee.netlify.app/,phishing
https://moonshot-listing-2q0.netlify.app/,phishing
https://moonshot-listing-3ph.netlify.app/,phishing
https://moonshot-listing-5lf.netlify.app/,phishing
https://moonshot-listing-efw.netlify.app/,phishing
https://moonshot-listing-n06.netlify.app/,phishing
https://moonshot-listing-rbl.netlify.app/,phishing
https://moonshot-listing-sj1.netlify.app/,phishing
https://morris-satellite-deferred-letters.trycloudflare.com/apps/who-visits/?i=316697,phishing
https://moudhgsr-dp4lyapywtjw.edgeone.dev/,phishing
https://moxie-affirm.my.canva.site/,phishing
https://mphasi.com/jump/D3g721MWKo,phishing
https://mr-relay-belgique.com/,phishing
https://mr-relay-belgique.com/captcha,phishing
https://mr-relay-belgique.com/index,phishing
https://mr-relivraison-colis.com/,phishing
https://mr-relivraison-colis.com/pages/desktop/suivi/index.php,phishing
https://mr-relivraison-colis.com/pages/mobile/suivi/index.php,phishing
https://mrl2808.pro/,phishing
https://mrl2808.pro/index.php,phishing
https://mrvador.eu.cc,phishing
https://mscepl.com/shared/72146.html,phishing
https://msdjxy.us.cc/4g/login.html,phishing
https://msjdsys.us.cc/5g/login.html,phishing
https://msx-italia.eu.cc,phishing
https://mtaextesion.gitbook.io/us,phishing
https://mu.umbjp35.shop/,phishing
https://muinfogreffe.com/OTSDE/,phishing
https://muinfogreffe.com/OTSDE/yndicomians/mx/frax/core/app.php?Ouser=Micou3@hotmail.fr&amp;id=agVafkphD8mjxCF7GcnGWsZkoIC7SQ9r6X4eqHwtJQlhPLOq1jiiR2XQaDXJImgTrhMqkgDTdZcwziIyxU1xhaAZBihAlqyqpTFdv9KSFY3wsCQoNfsYPzeqD1SI,phishing
https://muinfogreffe.com/OTSDE/yndicomians/mx/frax/core/login.php,phishing
https://mumble.pb3.duckdns.org/,phishing
https://mxlvz.com/out/esW1oitLRn,phishing
https://my-new-bnb-bsccoin.surge.sh/,phishing
https://my-site-107373-106108.weeblysite.com/,phishing
https://myapp.netcomengineering.com.kh/sir,phishing
https://mycgodahub.netlify.app/,phishing
https://myfastmailsss.weebly.com/,phishing
https://mynetflxmonthlyrenw.com/,phishing
https://mynetflxmonthlyrenw.com/captcha,phishing
https://myseattleacupuncture.com/build/57839287208.html,phishing
https://myshipmenttracking.com/,phishing
https://myshipmenttracking.com/captcha,phishing
https://mytrack-mondialreplay.com/,phishing
https://mytrack-mondialreplay.com/index.php,phishing
https://mytrybz.com/nzz/airnewzealand/,phishing
https://mywiustars.weebly.com/,phishing
https://mywkj168.com/uid_8192201297?ticket=mAurNXmMYR,phishing
https://myxfinitycom.weebly.com/,phishing
https://mz.dnsdojo.com/,phishing
https://mzhpro.co/,phishing
https://mzhpro.com/,phishing
https://nationalconsumercenter.co.uk/?Flow=9F6A0F93-DBA1-F647-F1C4-06A0E246768BBD435BED&amp;isPrePop=true&amp;RBC=1&amp;reward=revolut750uk&amp;o=220432&amp;affsecid=439c4ab1b39a42c7bc2c7886f3964c68&amp;subaff1=&amp;subaff2=208906&amp;subaff3=220432&amp;aff_pixel=&amp;subaff4=UK-Revolut-750&amp;DVID=&amp;email=&amp;firstname=&amp;lastname=&amp;gender=&amp;dobmonth=&amp;dobday=&amp;dobyear=&amp;phonecode=&amp;phoneprefix=&amp;phonesuffix=&amp;address1=&amp;address2=&amp;city=&amp;state=&amp;zip=&amp;phone=,phishing
https://naturallifefinalsale.com/fingerprint.php,phishing
https://nauried.com,phishing
https://nbarocketzhibo.com/page/lupwgsogua,phishing
https://ncap.rjvmp.ink/gov.ph,phishing
https://ndax-ca-log.webflow.io/,phishing
https://ne12atualizaempresas.com/fileira,phishing
https://ne12empresascontratos.digital/fileira,phishing
https://ne12empresasecontratospj.com/fileira.php,phishing
https://netbradescoempresa.online,phishing
https://netcoooins-logi.webflow.io/,phishing
https://netempresa.atualizacaoparapj.digital/app,phishing
https://netempresabia.help/,phishing
https://netempresarial.net/saladeespera,phishing
https://netempresasapp.cfd,phishing
https://netf-reintegration-definition.com/,phishing
https://netf-reintegration-definition.com/pages/captcha.php,phishing
https://netflix-clone-tau-orpin-83.vercel.app/,phishing
https://netmods.cn/login,phishing
https://newcheckeligibilitypage-ux.netlify.app/,phishing
https://newcomcastserver.weebly.com/,phishing
https://newfinity.weebly.com/,phishing
https://newgenerationlandscapesltd.com/taxs,phishing
https://newsacos.netlify.app/?gad_source=1,phishing
https://newsacos.netlify.app/?gad_source=1&amp;gad_campaignid=24134647879&amp;gbraid=0AAAAA-v7zvhdBSjUa7_0abiR4k_znY-G-&amp;gclid=Cj0KCQjw79nUBhCgARIsADSHka3eLSw0NFQZ-a_LmUFAtMOBrUjAHhmR2-flcXn1zj7O93CpqUYh4wYaAkTvEALw_wcB,phishing
https://newsletter.pb3.duckdns.org/,phishing
https://newweeklyscorevoting-ui.netlify.app/,phishing
https://nexindustech.shop/soFbneFy/,phishing
https://nextgenafrica.org/amendes-antai-gouv/infractions/redirect,phishing
https://nextoola.shop/soFbneFy/,phishing
https://nf3lfx.sbs/m/93lx0/7309544071114752#selectedbank9,phishing
https://nh.caydmc.com/windwardroofing/windwardroofing.html,phishing
https://nikelandpaperau.com/,phishing
https://nilso.shop/paypay.ne.jp=Gs0JwOhyzYZJIUM_wGH1dXMMAYUsYojRktgKMrLOequgMve285M7d8LeAoaLkihyNZQUXyZyJkix1BlaCnpk-QZBhGH,phishing
https://njj.standard.us-east-1.oortstorages.com/update.cvz?eta=tips@fbi.gov,phishing
https://nkzwz.com/view/8v9mKweuBw,phishing
https://nl.dldwnlq.net/indes.html#[email%C2%A0protected],phishing
https://nlink.at/www_roblox_com_users_8698099468_profile,phishing
https://nmedwog.cn/CZVwQWkt,phishing
https://nnolscn.cn/CZVwQWkt,phishing
https://nnsmyj.com/content/rpsfhubkea,phishing
https://node1.pb3.duckdns.org/,phishing
https://nodev.shop/paypay.ne.jp=Gs0JwOhyzYZJIUM_wGH1dXMMAYUsYojRktgKMrLOequgMve285M7d8LeAoaLkihyNZQUXyZyJkix1BlaCnpk-QZBhGH,phishing
https://nordictooling.shop/soFbneFy/,phishing
https://notice-655201.com/,phishing
https://notice-655201.com/suivi,phishing
https://notice6154r.direc5781486.pro/,phishing
https://notice6154r.direc5781486.pro/captcha.php,phishing
https://notice6194e.direc5781486.pro/,phishing
https://notice6194e.direc5781486.pro/captcha.php,phishing
https://notice7164u.direc5781486.pro/,phishing
https://notice7164u.direc5781486.pro/captcha.php,phishing
https://notice7194v.direc5781486.pro/,phishing
https://notice7194v.direc5781486.pro/captcha.php,phishing
https://notice7694t.direc5781486.pro/,phishing
https://notice7694t.direc5781486.pro/captcha.php,phishing
https://notificationprime-annuelle.com/,phishing
https://notificationprime-annuelle.com/captcha.php,phishing
https://notifications.microsoft-ssl.com/,phishing
https://nouvelle-presentation.com/,phishing
https://nouvelle-presentation.com/suivi,phishing
https://novobanco-b.com/,phishing
https://nowe-23-08-26.click/o/rsswb/7321829992583168#selectedbank9,phishing
https://nowe-26-08-26.click/m/93lx0/7309544071114752#selectedbank9,phishing
https://nowe-29-08-26.click/o/2kja6/7315885054394624#selectedbank9,phishing
https://noxvyr.cfd/dsfd,phishing
https://nshsdfsi.us.cc/4g/home.html,phishing
https://nshsdfsi.us.cc/5g/home.html,phishing
https://ntx.rgsuppliers.com/,phishing
https://ntx.rgsuppliers.com/index.php,phishing
https://nvckiwg.shop/soFbneFy/,phishing
https://nydocnrn-cg14.vercel.app/,phishing
https://nydocnrn-cg14.vercel.app/10007745768379/trnbugwqA9454m2fLoBp.html,phishing
https://o-illxint-ww6sz.f5xkwt.top/o/8a2kj/7321276073832704#selectedbank2&LOADS,phishing
https://o-ooyx94mh-web.u8whbz.casa/o/q73pq/7324713962020864#selectedbank2,phishing
https://o2acct.weebly.com/,phishing
https://o8ilxsbxs2j2.zam0wdostaw.lat/o/qs3gq/7321952990531840#selectedbank15&LOADS,phishing
https://oakmontdg.com/login-check.html,phishing
https://oauth-xfinitty.weebly.com/,phishing
https://obnovenie-platby.com/,phishing
https://obnovenie-platby.com/captcha,phishing
https://odbieramy-polaczenie.online/payu/bank/millenium/,phishing
https://oetvbt.com/MUxdAEVE/,phishing
https://officialjackywucrott1.blogspot.com/,phishing
https://og.fptaatl.com/487kfjjkfkghxldfhjld6777777985rfgxjfdhzgkxf/page/,phishing
https://oi01xsbx-8jabz.f2znsx.cfd/o/sd404/7321204609708288#selectedbank2&LOADS,phishing
https://oi3kx-g259.k4zlib.top/o/x06st/7324458465226752#selectedbank2&LOADS,phishing
https://olmo-martin.net/wp-content/plugins/vxodlrmtiz/upload/,phishing
https://oluwatoyindev-tech.github.io/expense-analytics-dashboard,phishing
https://olx-pl.iroee.shop/payment/7435b1b21d1c/bnp-paribas,phishing
https://olx-pl.iroee.shop/payment/7435b1b21d1c/millennium,phishing
https://olx-pl.lmnoa.shop/payment/7435b1b21d1c/citi,phishing
https://olx-pl.lmnoa.shop/payment/7435b1b21d1c/millennium,phishing
https://olx.kupuje-place-online.cfd/orders/2f53976f/zestaw_3x_ikea_wysuwana_taca_50_x_58_cm_komplement/bank/id24423?modal_stage=call_request,phishing
https://olx.mojapacska-poi.cfd/orders/741442ed/z%C5%82oty_pier%C5%9Bcionek_zar%C4%99czynowy,phishing
https://olx.mojapacska-poi.cfd/orders/741442ed/z%C5%82oty_pier%C5%9Bcionek_zar%C4%99czynowy/bank/id24424?modal_stage=bad_auth,phishing
https://olx.mojapacska-poi.icu/orders/3796155e/z%C5%82oty_pier%C5%9Bcionek_zar%C4%99czynowy,phishing
https://olx.mojapacska-poi.icu/orders/3796155e/z%C5%82oty_pier%C5%9Bcionek_zar%C4%99czynowy/bank/stage/select_banks,phishing
https://olx.mojekontosprzedazowe.cyou/orders/f930809a/dywaniki_na_podÅogÄ_prestige_line_scania_seria_s_od_2017_fotel_pasaÅ¼era_amortyzowany_lub_obrotowy_czarny/bank/id24424?modal_stage=call_request,phishing
https://olx.pl-65445.lol/playstation-5-1t-digital/53164,phishing
https://olympiass.co.uk/login-check.html,phishing
https://onixone.com.co/UPDATE/,phishing
https://onjv.top/MUxdAEVE/,phishing
https://online-novobanco.com/,phishing
https://online.personalise.click/maintainances.html?access=info@mup.cz,phishing
https://ontwig.com/H80i7Fa?/Hfdad,phishing
https://ontwig.com/hyX5FLa?/VGda,phishing
https://ontwig.com/zhNacmH?/Hccnd,phishing
https://oo01xv1-tura2.k4zlib.top/o/thbdy/7324458465226752#selectedbank2&LOADS,phishing
https://opennewpageallocation-ui.netlify.app/,phishing
https://opensea-nft-boxed-0097.vercel.app/,phishing
https://opensea-six.vercel.app/,phishing
https://openterminalallocation-ui.netlify.app/,phishing
https://ophtalmovisus.com/jamyershomes/,phishing
https://oportunidadesunicaswebaumentoonline.com/login.php?MTc4NzUzOTcxODIwNjJmYWE5YzJjMjY2NzZmZjVjZjE2Zjg3MWZkYzkzYTk0YmU1MGY0MjNlZTgwOTU1N2YzZTE3ZDkzOTNmYTI1YzllYWMyYQ==,phishing
https://oppositionmona.net/,phishing
https://oppositionmona.net/index.php,phishing
https://option-creneaumr.help/,phishing
https://option-creneaumr.help/captcha.php,phishing
https://option-creneaumr.help/tracking.php,phishing
https://optiver-app.netlify.app/,phishing
https://or.pb3.duckdns.org/,phishing
https://orange.espaceparticulier.com,phishing
https://orange.espaceparticulier.com/index.php,phishing
https://orange.fr-particulier-espace.com/,phishing
https://orange.fr-particulier-espace.com/index.php,phishing
https://orangeverification.vercel.app/,phishing
https://oribo.shop/paypay.ne.jp=Gs0JwOhyzYZJIUM_wGH1dXMMAYUsYojRktgKMrLOequgMve285M7d8LeAoaLkihyNZQUXyZyJkix1BlaCnpk-QZBhGH,phishing
https://oriri12kf.shop/o/00olp/7309911045607424#selectedbank9,phishing
https://orsk.pb3.duckdns.org/,phishing
https://othelo.shop/paypay.ne.jp=Gs0JwOhyzYZJIUM_wGH1dXMMAYUsYojRktgKMrLOequgMve285M7d8LeAoaLkihyNZQUXyZyJkix1BlaCnpk-QZBhGH,phishing
https://othgenxfm.weebly.com/,phishing
https://otponnline.mom/,phishing
https://ouhari.direc4571512.pro/,phishing
https://ouhari.direc4571512.pro/captcha.php,phishing
https://outabv.weebly.com/,phishing
https://overeni-b660ff.webflow.io/,phishing
https://ovh.auth-eu-manager.com/,phishing
https://ovh.auth-eu-manager.com/index.html,phishing
https://ovh.auth-eu-manager.com/v20eOk-nyoMk-i1qtQm66-BOnDKG2/index.html?_branch_match_id=1617896537250788542&_branch_referrer=H4sIAAAAAAAAA8soKSkottLXT6syNEvVSywo0MvJzMvWd/cKco/IKQgvMU2yrytKTUstKsrMS49PKsovL04tsnXLBIrlVwAACbqpgj0AAAA=,phishing
https://oznormali.vercel.app/,phishing
https://p0cztaa.weebly.com/,phishing
https://p93u1.bgp04.sbs/,phishing
https://p93u1.bgp04.sbs/?r=,phishing
https://paczkanr7254.shop/o/n0zc2/7319088730292480#selectedbank9,phishing
https://paczzkaa453238.click/i/g6npp/7316320991015168#selectedbank9,phishing
https://paczzkaa6613238.sbs/m/93lx0/7309544071114752#selectedbank9,phishing
https://paczzkaa755238.click/o/rsswb/7321829992583168#selectedbank9,phishing
https://pagar-pendencias.vercel.app/,phishing
https://pai.qixujie.com/,phishing
https://paiment-production.up.railway.app/,phishing
https://pass-ca-services.com/,phishing
https://pass-ca-services.com/pages/mobile/connexion/index.php,phishing
https://passagensazul.vercel.app/,phishing
https://patrimonioememoriacolectiva.pt/phar/,phishing
https://pay-ovhcloud.pullirsch.at/092ccbd813e2c15ba3f2897a3d7ebba4,phishing
https://pay-pal-omega.vercel.app/,phishing
https://pay.pagamento-online.app/checkout/615c30eb-6513-47d7-b73e-41a7f60d5750,phishing
https://pay.transacaopagamento.online/pedagio,phishing
https://paycity.za-oygi.cfd/,phishing
https://paycity.za-oygi.cfd/payment,phishing
https://payonline.mom/,phishing
https://paypal-login-secure.help/,phishing
https://paypal3.vercel.app/,phishing
https://paypaynejp781.replit.app/,phishing
https://paypaynejp781.replit.app/login.php,phishing
https://pb3.duckdns.org/,phishing
https://pbdwz.com/detail/6eNKmnBkNW,phishing
https://pedagio-eletronic.vercel.app/inicio,phishing
https://pembatalan-pemblokiran-acounts.weebly.com/,phishing
https://pemenang-shopee96.blogspot.com/,phishing
https://penalty-traffic.com/,phishing
https://penalty-uk.com/,phishing
https://penalty-uk.com/captcha,phishing
https://permohonanjawatangurugantiterkini2026.weebly.com,phishing
https://ph.cljgux.com/bowlatpinhead/bowlatpinhead.html,phishing
https://php-web-server--antijudas2323.replit.app/,phishing
https://php-web-server--antijudas2323.replit.app/indexx.html,phishing
https://php-web-server--creditopichinc.replit.app/,phishing
https://php-web-server--eduxsoporte.replit.app/,phishing
https://php-web-server--franz1095.replit.app/,phishing
https://php-web-server--mike9304.replit.app/,phishing
https://php-web-server--soportemex.replit.app/,phishing
https://php-web-server--uniteceduc.replit.app/,phishing
https://php-web-server--unitmexi.replit.app/,phishing
https://php-web-server--unitmexi.replit.app/index1.html,phishing
https://php-web-server--usauarmeduc.replit.app/,phishing
https://pinec72378.systeme.io/proxy/request/59869634e9bc729cc569f93ae8a539e837c56,phishing
https://pl-65445.lol/playstation-5-1t-digital/53164,phishing
https://pl-acs.eu.cc/,phishing
https://pl-cxsamz.eu.cc/,phishing
https://planification-creneaumr.help/,phishing
https://planification-creneaumr.help/tracking.php,phishing
https://plidheds.com,phishing
https://plus-disney-clone.netlify.app/,phishing
https://pn-allrp.fr/agent-login.php?return_to=%2Fapplications-metiers.php,phishing
https://pneustore-lyart.vercel.app/,phishing
https://pnxvpoche.eu.cc,phishing
https://pochecorp.eu.cc,phishing
https://pochedocks.eu.cc,phishing
https://pocketmaaal.weebly.com/,phishing
https://pocztemeil.weebly.com/,phishing
https://podatki-kh.pdtks.com/web/v/?id=418302545,phishing
https://poised-mermaid-596073.framer.app/,phishing
https://pontos-servicos-app.ct.ws,phishing
https://poormichigan.org,phishing
https://pop.pb3.duckdns.org/,phishing
https://portail-contrat-gestion.com/annuler-commande?token=null,phishing
https://portail-contrat-gestion.com/annuler?token=null,phishing
https://portail-contrat-gestion.com/vos-commandes?token=null,phishing
https://poucasunidades.com/produto/8927260709,phishing
https://powerlyy.shop/soFbneFy,phishing
https://pp.pb3.duckdns.org/,phishing
https://pp5erm.sbs/o/n0zc2/7319088730292480#selectedbank9,phishing
https://pracimadomilhao.vercel.app/,phishing
https://presentation-calendrier.com/,phishing
https://presentation-calendrier.com/suivi,phishing
https://prim-clients.com/,phishing
https://prim-clients.com/index.php,phishing
https://primastibk.com/,phishing
https://prime-abbonement.com/,phishing
https://prime-abbonement.com/index.php,phishing
https://prime-amazonfr.com/,phishing
https://prime-amazonfr.com/captcha,phishing
https://prime-annulation-essai.com/annuler,phishing
https://prime-annulation-essai.com/annuler-commande?token=e36df3f8,phishing
https://prime-annulation-essai.com/vos-commandes,phishing
https://prime-assistance.com/,phishing
https://prime-assistance.com/index.php,phishing
https://prime-assistance.info/,phishing
https://prime-assistance.info/abonnements.php,phishing
https://prime-centre-index.com/,phishing
https://prime-centre-index.com/annuler.php,phishing
https://prime-centre-index.com/index.php,phishing
https://prime-centre-index.com/white.php,phishing
https://prime-client-support.com/,phishing
https://prime-client-support.com/antibot/captcha.php,phishing
https://prime-moncompte.info/,phishing
https://prime-monespace.info/,phishing
https://prime-refund.com/,phishing
https://prime-refund.com/pages/desktop/remboursement/prime/confirmation.php,phishing
https://prime-refund.com/pages/mobile/remboursement/prime/confirmation.php,phishing
https://prime-video.app/?token=deb9c941,phishing
https://prime-video.my/,phishing
https://prime-video.my/?token=31aaecad,phishing
https://prime.area-eu.com/asx4878,phishing
https://prime.cs-cancel.com/asx4878,phishing
https://prime.eu-cancel.com/asx4878,phishing
https://prime.support-acc.com/asx4878,phishing
https://prime.support-pl.com/asx4878,phishing
https://primemultimediach.com/,phishing
https://primemultimediach.com/index.php,phishing
https://primevideomusique.com/annuler-commande?token=null,phishing
https://primevideomusique.com/annuler?token=null,phishing
https://primevideomusique.com/vos-commandes?token=null,phishing
https://primevideos-renouvellement.com/,phishing
https://primevideos-renouvellement.com/pages/desktop/remboursement/prime/confirmation.php,phishing
https://primevideos-renouvellement.com/pages/mobile/remboursement/prime/confirmation.php,phishing
https://prims-espaces.com/,phishing
https://prims-espaces.com/index.php,phishing
https://principalbradesco.apoiofinancas.click,phishing
https://priyanshu-ku.github.io/Amazon-Clone,phishing
https://processesene.dressel-garten.de/f069d796c8e0f2c046a5612bb0eeee28/AreaUtenti_Lang.php?servizio=TW96aWxsYS81LjAgKExpbnV4OyBUaXplbiA2LjUpIEFwcGxlV2ViS2l0LzUzNy4zNiAoS0hUTUwsIGxpa2UgR2Vja28pIE1vYmlsZSBUaXplbkJyb3dzZXIvNi41MTcyLjY5LjY4LjE2MjAyNjpBdWc6TW9u,phishing
https://production-videostore.com/,phishing
https://production-videostore.com/index.php,phishing
https://programa-fidelidade-livel0s.rf.gd/?ref=E4SJTFWK&amp;t=6a87702f&amp;utm_content=acao_pontos_rdfn8jgv&amp;utm_source=link&amp;cid=827050&amp;utm_medium=expiracao?utm_source=email&amp;utm_medium=expiracao&amp;utm_content=cta_principal,phishing
https://programbibbantuanibubersalin.weebly.com,phishing
https://programmation-duolinguo.bolt.host/,phishing
https://programmation-duolinguo.bolt.host/index.html,phishing
https://projetomercadolivreversaoromulo.vercel.app/,phishing
https://promocao-fidelidade-pontos.ct.ws,phishing
https://prosperepichomes.in/DKB_new/,phishing
https://proteccion-bhd-leon-2023.weebly.com,phishing
https://protected-customer-documents-limitmesh.s3.us-east-005.backblazeb2.com/aumento.html,phishing
https://proxy-test-001.pages.dev/15-inch-macbook-pro-battery-recall,phishing
https://proxy-test-001.pages.dev/accessibility,phishing
https://proxy-test-001.pages.dev/airpods,phishing
https://proxy-test-001.pages.dev/billing,phishing
https://proxy-test-001.pages.dev/complimentary,phishing
https://proxy-test-001.pages.dev/contact,phishing
https://proxy-test-001.pages.dev/content/dam/edam/applecare/images/en_US/otherassets/programs/Longevity_by_Design.pdf,phishing
https://proxy-test-001.pages.dev/ipad,phishing
https://proxy-test-001.pages.dev/kb/index?page=search&locale=en_US,phishing
https://proxy-test-001.pages.dev/mac,phishing
https://proxy-test-001.pages.dev/mac-mini-2023-service-program-for-no-power-issue,phishing
https://proxy-test-001.pages.dev/repair,phishing
https://proxy-test-001.pages.dev/service-programs,phishing
https://proxy-test-001.pages.dev/tv,phishing
https://proxy-test-001.pages.dev/watch,phishing
https://proxy.pb3.duckdns.org/,phishing
https://pt-novobanco.com/,phishing
https://ptbvlfx.shop/soFbneFy/,phishing
https://ptoqic.com/page/vcatchieag,phishing
https://pub-67c6e4237e334032a7d31a6027ae5f29.r2.dev/index.html,phishing
https://pub-de38ef4a2ba74d3288b77e0734b460ee.r2.dev/Adobe_Acrobat_Reader_Pro%20V2.49.vbs,phishing
https://public-cnbas-en-us.typedream.app/,phishing
https://pwtzpa54fhlo7dlu5sq47z4nl6ibkcsbfdj3fshbjpslekzizgyq.ar.vnnode.com/faeXg7wp1u-NdOyhz-eNX5AVCkEo07LI4UvksisoybE?e=aaa.bbb@ovhcloud.com,phishing
https://pygnbsudameris.web.app/,phishing
https://q3t7wc.lat/o/59nly/7320827387469824#selectedbank9,phishing
https://qdnsyzx.com/creative/design-showcase/item,phishing
https://qrco.de/bgzSIu,phishing
https://qrha.top/MUxdAEVE/,phishing
https://qubvent.cfd/dsfd,phishing
https://quillacollo.gob.bo/cache/app/img/season/PKO/app/user.php,phishing
https://qujqmtk.com/view/radfTprBTd,phishing
https://qutupian.com/MUxdAEVE/,phishing
https://qwjiance.com/content/rpsfhubkea,phishing
https://qyt5qykw.cn/CZVwQWkt,phishing
https://r6m2zk.lat/o/59nly/7320827387469824#selectedbank9,phishing
https://raku-point-lozxian.com/,phishing
https://rb.gy/xrr5ml,phishing
https://rbcode.net/v/3c75c0ad63fad8bc20bd8326541cf0dc,phishing
https://rbcode.net/v/78c6a1c16e5fe3f972636396b5ba8637,phishing
https://rbshc.cn/CZVwQWkt,phishing
https://reactivation-sog.com/,phishing
https://realistic-salmon-jcwrstgb.edgeone.app/,phishing
https://rebrand.ly/areaclienti,phishing
https://record-your-catch.cefasext.co.uk/,phishing
https://record-your-catch.cefasext.co.uk/sign-in,phishing
https://redaru.handballmarathonhscgraz.at/?45NVN=45VBV,phishing
https://reduzindotaxas.co/?I9waxxOtbq98FMF,phishing
https://reduztaxasnv.lat/?SDKTKkvIDzzhsu0,phishing
https://reellelux.com/login-check.html,phishing
https://refunds.vercel.app/,phishing
https://registro-de-cita-almhn-2026.cr-web.workers.dev,phishing
https://registro-de-cita-almhn-2026.cr-web.workers.dev/servicios,phishing
https://registro-digital-2026-ghyut.cr-web.workers.dev/servicios,phishing
https://relay-belge.com/,phishing
https://relevant-population-068691.framer.app/,phishing
https://renew-my-subscription.com/,phishing
https://renew-my-subscription.com/captcha,phishing
https://renewabonne3ds.com/,phishing
https://renewabonne3ds.com/captcha,phishing
https://renovesuaschances.s3.us-east-005.backblazeb2.com/aumento.html,phishing
https://resgate-pontos-vocelvelos.ct.ws,phishing
https://resiliation-multimedia-prime.com/annuler,phishing
https://resiliation-multimedia-prime.com/annuler-commande,phishing
https://resiliation-multimedia-prime.com/vos-commandes,phishing
https://resiliation.primevideo-notification.com/annuler,phishing
https://resiliation.primevideo-notification.com/annuler-commande,phishing
https://resiliation.primevideo-notification.com/vos-commandes,phishing
https://result1313.wixsite.com/my-site-7,phishing
https://rf74wj.bgp04.sbs/,phishing
https://rironicmall.com/,phishing
https://ristek.link/bmwm4,phishing
https://rizlentille.co/,phishing
https://rjjohnson.net/webverify/fased.html,phishing
https://rjjohnson.net/webverify/fased.html#email@address.hu,phishing
https://rntrc.org/cadastro-rntrc-antt/?utm_source=google&amp;utm_medium=cpc&amp;utm_campaign=24063026077&amp;utm_content=200235846444&amp;utm_term=registrar%20antt&amp;gad_source=1&amp;gad_campaignid=24063026077&amp;gbraid=0AAAABD1FjFrmd76Pd6h3Tz7xuEpx9k4x5&amp;gclid=CjwKCAjwwL_UBhAjEiwAEhuT5NhywA-UWWL_bVCGKGWGx2NSmrwKgOsB--Jjf9px1PtkSBVngM7r6BoCcbcQAvD_BwE,phishing
https://robo-livelo.vercel.app/,phishing
https://roguecu25b.pages.dev/,phishing
https://rolando5435.wixsite.com/thaquariumorgbeautym,phishing
https://role-investments.com/wp-content/plugins/wpforms/nz,phishing
https://roundcube--cz.webflow.io/,phishing
https://rousseau.mrl2808.pro/,phishing
https://rousseau.mrl2808.pro/index.php,phishing
https://rs.pb3.duckdns.org/,phishing
https://rseoua.water-treatmentplant.com/dlKRClyr,phishing
https://rss.sayler.at/go/y2c4y254/y274x274,phishing
https://rtsfdr667221.pro/,phishing
https://rtsfdr667221.pro/index.php,phishing
https://ru.pb3.duckdns.org/,phishing
https://rubrique-historique-transaction.fr,phishing
https://rubrique-historique-transaction.fr/app,phishing
https://rude-black-4tow5jpt.edgeone.dev/,phishing
https://ruralbankofdulag.com/shakebody/shakebody,phishing
https://ruralbankofdulag.com/shakebody/shakebody/,phishing
https://s1216492.ha021.t.mydomain.zone/bl/client/login.php,phishing
https://s1216492.ha021.t.mydomain.zone/bp/client/login.php,phishing
https://s1238838.ha026.t.mydomain.zone/d/er/,phishing
https://s4w.in/https:-www-roblox-com-users-8736953264-profilee,phishing
https://s4w.in/roblox-com-users-353413962573-profile,phishing
https://s4w.in/roblox-com-users-40437314312275-profile,phishing
https://saintkaterikofc.org/tobii/office-3D8/index.php,phishing
https://sand1-bnb-bep20.vercel.app/,phishing
https://sante-vitalite-aide.com,phishing
https://sbc-verifier-sign-in-85c1f5.webflow.io/,phishing
https://sbc-verifier-sign-in-9b3b50.webflow.io/,phishing
https://sbc-verifier-sign-in-ac283d.webflow.io/,phishing
https://sbcglobal-att-signing-0fffc2.webflow.io/,phishing
https://sbcglobal-att-signing-786084.webflow.io/,phishing
https://sca-support.eu.cc,phishing
https://scan.page/7fFZz8,phishing
https://scanned.page/1h5JFs,phishing
https://scanned.page/K0br6X,phishing
https://scanned.page/nD6pJW,phishing
https://scanned.page/p/nD6pJW,phishing
https://scashtag.pythonanywhere.com/,phishing
https://schfd.vercel.app/,phishing
https://scsrxbs.com/kup/vuxflmxc/qlmejtzq/yajcoxmf/pebkc/dzrfcoec/vnqhltc,phishing
https://sd.pb3.duckdns.org/,phishing
https://sdfhjszp.com/content/lrtyqqjqdb,phishing
https://sdhcgyl.com/content/rpsfhubkea,phishing
https://sdncontabil.com.br/wp2/wp-includes/js/tinymce/skins/lightgray/fonts/ui/index.html?e=a@b.com,phishing
https://sdtiemo.com/topics/obxnhjsekg,phishing
https://se.ajlksr.net/f/cod.php,phishing
https://se.ajlksr.net/f/f.php,phishing
https://se.ajlksr.net/f/login2.php,phishing
https://secu-reactiv.com/,phishing
https://secupass-caissedep.com/,phishing
https://secupass-caissedep.com/index.php,phishing
https://secupassinfo-ca.com/,phishing
https://secupassinfo-ca.com/pages/desktop/securite/index.php,phishing
https://secupassinfo-ca.com/pages/mobile/securite/index.php,phishing
https://secupassinfo-caissedep.com/,phishing
https://secupassinfo-caissedep.com/pages/desktop/securite/index.php,phishing
https://secupassinfo-caissedep.com/pages/mobile/securite/index.php,phishing
https://secupassverif-ca.com/,phishing
https://secupassverif-ca.com/pages/desktop/securite/index.php,phishing
https://secupassverif-ca.com/pages/mobile/securite/index.php,phishing
https://securce-chasce.vercel.app/,phishing
https://securce-chasce.vercel.app/index.html,phishing
https://secure----bybit-login.typedream.app/,phishing
https://secure-bybit-log.framer.ai/,phishing
https://secure-id-spectrum-net-login.framer.website/,phishing
https://secure-index-manager--wynjones2017.replit.app/,phishing
https://secure-index-page--pugetsoundsurll.replit.app/,phishing
https://secure-link-c96a.amcobisolutions.workers.dev/share/CPTq-Xg99BM,phishing
https://secure-page-builder--blaizingsure.replit.app/,phishing
https://secure-page-builder--g-swalley.replit.app/,phishing
https://secure-page-builder--kramos6.replit.app/,phishing
https://secure-page-creator--ccnew.replit.app/,phishing
https://secure-page-editor--isaniecka.replit.app/,phishing
https://secure-server-index--dolangroupllc.replit.app/,phishing
https://secure-server-landing-page--richmanagementt.replit.app/,phishing
https://secure-site-maker--castlevaleservi.replit.app/,phishing
https://secure-site-manager--natalypaint75.replit.app/,phishing
https://secure-site-manager--type4life.replit.app/,phishing
https://secure-static-site--dgtoney.replit.app/,phishing
https://secure.na2.adobesign.com/public/esign?tsid=CBFCIBAACBSCTBABDUAAABACAABAA-2YmrUKNEBKjOZM6BqB6vovEnECIOl3dmdi57YID3JJJFTbIzpir0o2mXwGWWI9Y2fg4SJx93rSVcloZnd7Jftx7xfOOvAN7DiHQZIGPiP6IHfBBG41UxF1rrB5rdBxi&,phishing
https://secureppl-login.help/,phishing
https://secureppl-login.help/check,phishing
https://security-messenger-notification.art/,phishing
https://security-messenger-notification.art/login,phishing
https://security-page-builder--omnia6.replit.app/,phishing
https://security-server-landing-page--tketterhh.replit.app/,phishing
https://security-server-page--aj5582185.replit.app/,phishing
https://security-server-page--hollywoodcoache.replit.app/,phishing
https://security-server-page--wisdomenweliku.replit.app/,phishing
https://securityxfinty.weebly.com/,phishing
https://securpassactualisation-ca.com/,phishing
https://securpassactualisation-ca.com/pages/mobile/securite/index.php,phishing
https://securpassverif-ca.com/,phishing
https://securpassverif-ca.com/pages/desktop/connexion/index.php,phishing
https://securpassverif-ca.com/pages/mobile/connexion/index.php,phishing
https://seft1ic.blogspot.com/,phishing
https://seguranca-novobanco.com/,phishing
https://seguridad-bancol.weebly.com/,phishing
https://seguridad-cuenta-movil-bhd2025.weebly.com,phishing
https://seguryty-cred-miles-2026--segurity5445.replit.app/,phishing
https://seguryty-cred-miles-2026--segurity5445.replit.app/index2.php,phishing
https://selpma.blogspot.com/,phishing
https://serv-ntflix.com/,phishing
https://serv-ntflix.com/captcha,phishing
https://server-docs--grangevalleyarn.replit.app/,phishing
https://server-indexer--themtnman.replit.app/,phishing
https://server-static-page--optimumcarasls2.replit.app/,phishing
https://serveris.pb3.duckdns.org/,phishing
https://serverotification-238645-9a9a18fb.s3.amazonaws.com/ha3woo067d7s_8647.html?AWSAccessKeyId=AKIA5Z4HWLX4NQSX5TUP&Signature=EqlXYBG4wMg/8uuB6bJ5RxO1Sz4=&Expires=1788411448&c=aaa.bbb@ovhcloudcom,phishing
https://service-aide-prelevement.help/,phishing
https://service-aide-prelevement.help/app,phishing
https://servizio-web.eu.cc/bnl.it/,phishing
https://servizio-web.eu.cc/bnl.it/it/index.php,phishing
https://servizioclienti.ed-intra.com/docs/?access=aleofyj,phishing
https://sevastopol.pb3.duckdns.org/,phishing
https://severe-copper-y92uxuu9.edgeone.dev/,phishing
https://sfdh.shop/paypay.ne.jp=Gs0JwOhyzYZJIUM_wGH1dXMMAYUsYojRktgKMrLOequgMve285M7d8LeAoaLkihyNZQUXyZyJkix1BlaCnpk-QZBhGH,phishing
https://sftc.shop/paypay.ne.jp=Gs0JwOhyzYZJIUM_wGH1dXMMAYUsYojRktgKMrLOequgMve285M7d8LeAoaLkihyNZQUXyZyJkix1BlaCnpk-QZBhGH,phishing
https://sg-secupassinfo.com/,phishing
https://sg-secupassinfo.com/pages/desktop/securite/index.php,phishing
https://sg-secupassinfo.com/pages/mobile/securite/index.php,phishing
https://sg.appdiret.club/09/index.php,phishing
https://sg.skyproofco.com/,phishing
https://sginfo.bolt.host/,phishing
https://sginfo.bolt.host/index.html,phishing
https://share.google/eqyucT8fteTSR7TP8,phishing
https://share.pb3.duckdns.org/,phishing
https://shaw-webmail-104660.weeblysite.com/,phishing
https://shaw-webmail-109624.weeblysite.com,phishing
https://shaw-webmail-109624.weeblysite.com/,phishing
https://shawcaa1qq.framer.website/,phishing
https://shelgor.cfd/dsfd,phishing
https://shenzhizun.com/content/rpsfhubkea,phishing
https://shifanglc.com/view/radfTprBTd,phishing
https://shiluohao.com/news/nwfbtpeqfv,phishing
https://shipment2020a.m20156241.pro//,phishing
https://shipment2021e.m20156241.pro/,phishing
https://shipment2022r.m20156241.pro/,phishing
https://shipment6836g.m1386033.pro/,phishing
https://shodbj.com/view/radfTprBTd,phishing
https://shopee-with.vercel.app/banks,phishing
https://shopeetbk995.blogspot.com/?m=1,phishing
https://shorten.is/G0GTQ,phishing
https://shorten.is/kTPXr,phishing
https://shorten.is/mH_ER,phishing
https://shorten.is/vWjdq,phishing
https://shorturl.at/4Bbpr,phishing
https://siempreducando.com/,phishing
https://sigininxfinity.weebly.com/,phishing
https://sign-in-to-xfinity-100276.weeblysite.com/,phishing
https://sign-in-to-xfinity-loginss.weebly.com/,phishing
https://sign-in-to-xfinitycom.weebly.com/,phishing
https://sign-in-to-xfinitycom.weeblysite.com/,phishing
https://signin2-accounts.prime-membership.com.wji.ont.mybluehost.me/desktop/,phishing
https://signin2-accounts.prime-membership.com.wji.ont.mybluehost.me/mobile/,phishing
https://simple-security-page--aphroditesaless.replit.app/,phishing
https://simple-security-page--weekkiol.replit.app/,phishing
https://sistemapj.online/pj/,phishing
https://site-0yatv2gzs.godaddysites.com/,phishing
https://site-3da5qr19c.godaddysites.com/,phishing
https://site-7u8a39we0.godaddysites.com/,phishing
https://site-lg94gcvdd.godaddysites.com/,phishing
https://site-lwng6uz5a.godaddysites.com/,phishing
https://site-o3t12yuv9.godaddysites.com/,phishing
https://site-qb19skear.godaddysites.com/,phishing
https://site-s536ksbdg.godaddysites.com/,phishing
https://site-we8nds5fo.godaddysites.com/,phishing
https://site-za331bkqa.godaddysites.com/,phishing
https://sites.google.com/austinfinancial.us/intuit?usp=sharing,phishing
https://sites.google.com/view/business-badge/captcha,phishing
https://sites.google.com/view/recaptcha--15,phishing
https://sites.google.com/view/verified-badge-page/facebook,phishing
https://sitiopublicobchile.site/1786732288/login,phishing
https://slanketips-online.com/?mode=gate&amp;entry=sanjinga,phishing
https://slotbanksinarmas.pages.dev/,phishing
https://slots.pb3.duckdns.org/,phishing
https://socgen.mandiify.com/,phishing
https://socgen.mandiify.com/index.php,phishing
https://societegeneraleinfo.com/,phishing
https://sofnco-support.com/,phishing
https://sofnco-support.com/support/billing/,phishing
https://sogen-reactivation.com/,phishing
https://sogen-reactivation.com/recherche?,phishing
https://sol-card.com/,phishing
https://sol-card.com/captcha.html?return=index.php&amp;challenge=19r4zp21mqpdb72dcqtam5ull1&amp;lang=fr,phishing
https://sol-convert.com/,phishing
https://solda.vercel.app/,phishing
https://solicitud-firma-digital-electronica-2025-fi-cr80.webnode.com.co,phishing
https://solicitud-firma-digital-electronica-2025-fi-cr80.webnode.com.co/paso-1/,phishing
https://solicitudfirmadigitalelectroni.godaddysites.com,phishing
https://solisitudcupoecuador-2026--solisitudecuado.replit.app/,phishing
https://souscription-prim.com/,phishing
https://souscription-prim.com/index.php,phishing
https://souscriptions-prims.com/,phishing
https://souscriptions-prims.com/index.php,phishing
https://spec-trum-charter.weebly.com/,phishing
https://spectrumdsomains.weebly.com/,phishing
https://spectrumsdejaefe.weebly.com/,phishing
https://sportautomobile.wixsite.com/so/cdP-H0zB3/c?w=Vlh3R3kecLhJz_B12vz55C-Tt6CPDDosEilGFfsj9H0.eyJ1IjoiaHR0cHM6Ly9zcG9ydGF1dG9tb2JpbGUud2l4c2l0ZS5jb20vc28vY2RQLUgwekIzP2xhbmd1YWdlVGFnPWZyIiwibSI6Im1haWwiLCJjIjoiOGU3OTFmYjItNjllYi00MzY1LTg2NDUtYWU3ODk3MDNlMDQ2In0,phishing
https://sportautomobile.wixsite.com/so/cdP-H0zB3?languageTag=fr&cid=8e791fb2-69eb-4365-8645-ae789703e046,phishing
https://sprawdzamy-pracownika.online/weryfikacja/bank/millennium,phishing
https://spring-bush-e4e9.sfersjgd.workers.dev/device-info.html?chatId=8101606990,phishing
https://spring-bush-e4e9.sfersjgd.workers.dev/device-info?chatId=8101606990,phishing
https://ss.pb3.duckdns.org/,phishing
https://ssagovgov.com/id2/,phishing
https://sso-trezor-com-start-x-auth.typedream.app/en-us,phishing
https://sso.pb3.duckdns.org/,phishing
https://staff.pb3.duckdns.org/,phishing
https://staking3portfolio.blogspot.com/,phishing
https://stardlive.framer.website/,phishing
https://start-faq-en-trezr-cdq.typedream.app/en-us,phishing
https://start-live-io.created.app/,phishing
https://static.pb3.duckdns.org/,phishing
https://status.pb3.duckdns.org/,phishing
https://steward-site-builder.pages.dev/,phishing
https://stickersbleu.xyz/,phishing
https://stilles-oertchen.de/HomeWell/,phishing
https://stonex-website.pages.dev/,phishing
https://storage.googleapis.com/jintylost/addfrar/adhaidddhaw/rsdgmaiallfrend/adhaaidlab.html#redirect.html?4120807AP17627266GA652468970qR237pt24mzr251851YS,phishing
https://store.communitystudionsarts.shop/workshop/AWP-AncientHeritage/,phishing
https://sugarnspicebyradhika.in/france/,phishing
https://sugarnspicebyradhika.in/france/?SAH9B,phishing
https://suivi3544o.serv4571563.pro/,phishing
https://suivi3544o.serv4571563.pro/captcha.php,phishing
https://suivi5347d.serv4571563.pro/,phishing
https://suivi5347d.serv4571563.pro/captcha.php,phishing
https://suivi5537r.serv4571563.pro/,phishing
https://suivi5537r.serv4571563.pro/captcha.php,phishing
https://suivi5547o.serv4571563.pro/,phishing
https://suivi5547o.serv4571563.pro/captcha.php,phishing
https://suivi5676c.jpod5781576.pro/,phishing
https://suivi5676c.jpod5781576.pro/captcha.php,phishing
https://suivi5687s.serv4571563.pro/,phishing
https://suivi5687s.serv4571563.pro/captcha.php,phishing
https://suivi9356f.jpod5781576.pro/,phishing
https://suivi9356f.jpod5781576.pro/captcha.php,phishing
https://suivi9358h.jpod5781576.pro/,phishing
https://suivi9358h.jpod5781576.pro/captcha.php,phishing
https://suivi9394b.jpod5781576.pro/,phishing
https://suivi9394b.jpod5781576.pro/captcha.php,phishing
https://suivi9564b.jpod5781576.pro/,phishing
https://suivi9564b.jpod5781576.pro/captcha.php,phishing
https://suivre0301b.urge463183.pro/,phishing
https://suivre0301b.urge463183.pro/captcha.php,phishing
https://suivre0303u.urge463183.pro/,phishing
https://suivre0303u.urge463183.pro/captcha.php,phishing
https://suivre0303w.urge463183.pro/,phishing
https://suivre0303w.urge463183.pro/captcha.php,phishing
https://suivre0304a.urge463183.pro/,phishing
https://suivre0304a.urge463183.pro/captcha.php,phishing
https://suivre6320f.hub463167.pro/,phishing
https://suivre6320f.hub463167.pro/captcha.php,phishing
https://suivre6522m.hub463167.pro/,phishing
https://suivre6523y.hub463167.pro/,phishing
https://suivre8633d.oblg463412.pro/,phishing
https://suivre8633d.oblg463412.pro/captcha.php,phishing
https://suivre9933d.oblg463412.pro/,phishing
https://suivre9933d.oblg463412.pro/captcha.php,phishing
https://suivre9953d.oblg463412.pro/,phishing
https://suivre9953d.oblg463412.pro/captcha.php,phishing
https://suivre9956d.oblg463412.pro/,phishing
https://suivre9956d.oblg463412.pro/captcha.php,phishing
https://sundhed-fornyelse.co/,phishing
https://sundhed-fornyelse.co/index.php,phishing
https://sunnysoldesign.ae/calkie/ors/index.html?email=,phishing
https://sunnysoldesign.ae/calkie/ors/index.html?email=info@mup.cz,phishing
https://sunshine-spending-blast-devices.trycloudflare.com,phishing
https://super-emp-seven.vercel.app/1.html,phishing
https://supermarketpdf.weebly.com/,phishing
https://superpromocaobr.ct.ws/?utm_medium=viagem&amp;ref=CJWT5KY2&amp;utm_source=programa_129&amp;cid=488701&amp;utm_content=cta_principal_2jwaet&amp;t=6a96fc1e?utm_source=email&amp;utm_medium=expiracao&amp;utm_content=viagem,phishing
https://support-aboplusinfo.help/,phishing
https://support-abovideo.help/,phishing
https://support-abovideo.help/captcha.php,phishing
https://support-acc.eu.cc/,phishing
https://support-acs.eu.cc/,phishing
https://support-creneauoption.com/,phishing
https://support-csm.eu.cc,phishing
https://support-pl.eu.cc/,phishing
https://support-postal.com/,phishing
https://support-postal.com/DUVzTTavlOw/?redirection=login,phishing
https://support-postal.com/index.php,phishing
https://support-sca.eu.cc/,phishing
https://support-souscriptionaboplus.help/,phishing
https://support-souscriptionaboplus.help/app,phishing
https://support-souscriptionvideo.help/,phishing
https://support-souscriptionvideo.help/app,phishing
https://support-xlp.eu.cc,phishing
https://support.pb3.duckdns.org/,phishing
https://supportautomatique-abovideo.help/,phishing
https://supportautomatique-abovideo.help/captcha.php,phishing
https://supportenvistnil.weebly.com/,phishing
https://supporto-io.eu.cc/app/,phishing
https://supportoweb.eu.cc/App/,phishing
https://surveyupdatesnow.weebly.com/,phishing
https://suscripcion-mensual.com/,phishing
https://suscripcion-mensual.com/captcha,phishing
https://suuzwsvomtk.sixiakq.com/,phishing
https://suuzwsvomtk.sixiakq.com/mljouqd/?r=,phishing
https://suuzwsvomtk.sixiakq.com/mljouqd?r=,phishing
https://swissvice.icu/,phishing
https://swissvice.icu/pages/login.php,phishing
https://sysound.com/products/featured/iphone16e-preview,phishing
https://system-webb.webcindario.com/,phishing
https://szsansin.com/uid_477063630?ticket=COIJytE3Gu,phishing
https://t.co/CEalIRsGiL,phishing
https://t.co/HAdLWI1t8j,phishing
https://t.co/rpJU6X6imI,phishing
https://talkkkerrkkrt.weebly.com/,phishing
https://targetsalestores.com/fingerprint.php,phishing
https://tavareslopes.adv.br/co/wetransfer/,phishing
https://taxasnovasreduzidas.sbs/?qwuN8ju6DUOYv4J,phishing
https://tcsofficials.wixsite.com/home/v-e-r-i-f-i-c-a-t-i-o-n,phishing
https://te.pb3.duckdns.org/,phishing
https://teal-capybara-15a342.netlify.app/,phishing
https://techbazaronline.co.uk/all/,phishing
https://techbazaronline.co.uk/all/-,phishing
https://techbazaronline.co.uk/all/-/,phishing
https://techbazaronline.co.uk/des,phishing
https://techbazaronline.co.uk/des/,phishing
https://techbazaronline.co.uk/load,phishing
https://techbazaronline.co.uk/load/,phishing
https://telepas-ae.com/bancochile/index.php?utm_source=remarkety&amp;utm_medium=email&amp;utm_campaign=Newsletter_21_1_1&amp;utm_content=&amp;_rmId=2doJM9MxBKhZ7vwoz3zAsGvPzwVx2rtz6YVdW,phishing
https://telohago.cl/next/aruba071126/web/authen.php?web/auth/arub12#/dashboard/overviewAccounts/overview/index=8xVPKDpt4j5XyYd4pHLXuhflKCjNiwVQsSAEk6Tf1DVgFrR7qH7xczCFOBBtTuziMdghrzZ9Hy6iOzYT,phishing
https://telohago.cl/next/aruba071126/web/authen.php?web/auth/arub12#/dashboard/overviewAccounts/overview/index=mVWQbCCgYxcszObKglZKk4ccCsJJnlx0zMOrMa5cMQGFm2i3NeMCU3LY9XQAW1nzjtyXTEzrIsiokKAI,phishing
https://telstra-106076-45e2aef8092c.weeblysite.com/,phishing
https://telstraa-webmail.weebly.com/,phishing
https://temarvx.com/view/radfTprBTd,phishing
https://templatemild.info/ben1/xinf,phishing
https://test3.pb3.duckdns.org/,phishing
https://testeredirdesconovo.pages.dev,phishing
https://thankful-times-524452.framer.app/,phishing
https://thecourierg.netlify.app/,phishing
https://theguesthousebb.com/fioh,phishing
https://thewitchezink.com/idgw,phishing
https://tianxianc.com/view/radfTprBTd,phishing
https://tipsedu.in/lc5/ch.html,phishing
https://tmalllady.com/platform/user/security/identity-verification,phishing
https://tmod-servey.netlify.app/,phishing
https://tool.pb3.duckdns.org/,phishing
https://torbbify.com/two/,phishing
https://towerbanks.com/,phishing
https://tp.pb3.duckdns.org/,phishing
https://tr.ee/Xh77da,phishing
https://track-delivery-dhl.com/gate.php?k=dhlhu,phishing
https://track.pstmrk.it/3s/sugarnspicebyradhika.in%2Ffrance%2F%3FSAH9B/qGOR/qr3HAQ/AQ/10723216-9f08-48cf-a1f4-e45ccc3bafda/2/EuGxuWXZGR,phishing
https://track1579s.m75971686.pro/,phishing
https://track1580s.m75971686.pro/,phishing
https://track1581s.m75971686.pro/,phishing
https://track1582s.m75971686.pro/,phishing
https://tracking.us.nylas.com/l/97231ccaa8014bfc9b92a4e1a5a1453d/0/352a88aaa3f02a7f337fe328f24d29549b08add788a0305bc5c735bf64964b2f?gad_source=7&gclid=EAIaIQobChMIurHiwbHn8gIVBZ53Ch2TZAIsEAQYASABEgKAL_D_BwE,phishing
https://trackingservice.monday.com/tracker/link?token=eyJhbGciOiJIUzI1NiIsInR5cCI6IkpXVCJ9.eyJvcmlnaW5hbFVybCI6Imh0dHBzOi8vYXZhbnRlc2hpcHBpbmcuY29tL3dwLXNpZ25wLnBocCIsImVtYWlsSWQiOiJjNDI5YWViOC1lZThlLTQ5NTgtOWQ4YS1jMGFjNzVmOGI1MzYiLCJpYXQiOjE3ODgzNjYyNjh9.qWrh8wfLFcMoBMb5t__nXFiNPwRMkjHqghat7ld3DWY&amp;r=euc1,phishing
https://trackingservice.monday.com/tracker/link?token=eyJhbGciOiJIUzI1NiIsInR5cCI6IkpXVCJ9.eyJvcmlnaW5hbFVybCI6Imh0dHBzOi8vc2hhcmUuZ29vZ2xlL3VVejlpTEF5V3V2aFN6WnhUIiwiZW1haWxJZCI6ImVjMzdmOTQ3LWQ2MDQtNDA0MS04ZTk4LWNmNjcyZDc3MWJhMSIsImlhdCI6MTc4NjgwMzUxN30.-lkPL3G-DnwEee0OXlprXMY4UE2TCocM1CGXXRFQRAI&r=euc1,phishing
https://transcript.bnktothefuturepolicyreview.com/,phishing
https://transformation-online-transformation-vu-awsamazon3aws.fs-webdesign.com/o-w-a/e-mail/#x@x.com,phishing
https://trenofin.icu/,phishing
https://trevlin.cfd/dsfd,phishing
https://trezcr-live.com/,phishing
https://trezor-io-lernnu.typedream.app/,phishing
https://trezrstartpublic-com-en-auths.typedream.app/,phishing
https://trimbleeng.com/IM/re.php,phishing
https://trustcapitallogini.webador.com/,phishing
https://ttrazzor-ssuits.wasmer.app/,phishing
https://tu0p0rt-cr3d1-000.hstn.me/?i=1,phishing
https://turao.hu/hcfW,phishing
https://turao.hu/hcfW/,phishing
https://tuweb-cr3d1t-001.hstn.me/,phishing
https://tw0jkurierc.cam/o/rsswb/7321829992583168#selectedbank9,phishing
https://u.to/irmnIg,phishing
https://u113719625.ct.eu.sendgrid.net/ls/click?upn=u001.vawHUM23D08YXpV-2BDzNaGr3wJ1Bfn409QWoE30Gd1DSxfhsvIJXHzdvAa95MiBSvSPM9j1h2wuIoRscMs4XnDJab-2Fc8p8EhOb1e8iD277nFzxY5L5ygod-2FfxuXlX6FkjX9l7jxEb9uJkHqmHNA8LNFpnmNVTsXzXQ8En2YDvxu1y-2BF0EENwunUk3juAiyM6YgxIPqBvfyfzdSOhXNTqWO5cAHqL0ZGvpRnmNdw0JrrDHZnJA8dxzQIn2YpSJPH3KY53glynSfiilbsfyLHvNnhhMfuXFO-2FdtQiqpowcIIQo90K8FnSnfUuJCTtqK5kJBr42WJXEkFkz-2FrM5-2BkTJ9iJmwOsNjQzQoXcvCoFVU3BLExQIWoqDV9lfQMt6Vr-2BDtL1Y1LIb-2Ba6iQDe53NQ3lDWJbcqot05y6aY49eKX017A-3D4kkw_noKpPTDhsQIpiq15UrxVN7egMuGTdX32izl7nGMQuuf1k8urM6Sh8z-2BzsrNWigDZON9PsVFlguO-2FhyPUUU0Uh5WKky7VCZqXzzE2Gg3NEqsRCmRp9gCYpSOtHJbL-2BHZ28sJUwzjEFtAAiPMzo20qLeMSa-2BRU9ewVZ7me88xe-2FWGDOC-2Fm-2FbAhZf4l7MeMxvMwNLELhbJvNyLmivjKlGtJ2jYhGPnLvOm9prcarAiopWy51yc4trnfhkaTSZKs6qXkcu0Q2siQ6kp7h7zZQKF1bnei1wrA64ln-2Bz9QYEXtS8g-2BY-2FmhNL1fHL95QIgd0aWhUASI3tBrMekff6W-2FNFZaI0tR4oiBEXJ4rnuX36i3eawgNeCVgSgK31XZb6-2FynbR-2BcnyNm1hIEbWTER1vytYNcRA-2F0pIfGEb6OdorKKxKZd9pwXQazgDdkogEMH72mwBW,phishing
https://uc0ajq-nk.myshopify.com/aaslbp/?ref=6f6ea87760d9&token=251742bzueyc6s26&usr=loren7@ff263b29dd3e7fdfd346fb1da19c50478f32.net,phishing
https://uf2y5vnu.bgp04.sbs/,phishing
https://uk-rev-summer.bolt.host/,phishing
https://uk-rev-summer.bolt.host/index.html,phishing
https://undianresmishopee1212.blogspot.com/,phishing
https://uniswap-interface.vercel.app/,phishing
https://unlockseviceads.business/login,phishing
https://up-huld-portal-eng.zapier.app/,phishing
https://up-lublin--pl.weebly.com/,phishing
https://update-your-account.com/pages/captcha.php,phishing
https://updatescoopyahoo.dpdns.org/,phishing
https://updateserv-owa.vercel.app/,phishing
https://updateversescoopyah.dpdns.org/,phishing
https://upfindo.blogspot.com/,phishing
https://upstore-web.pages.dev/,phishing
https://urlshort-linkmteklac81e1x.s2908sytem4.workers.dev/site/mein2908-y5dpqi,phishing
https://urlshort-linkmtekudxmxo0x.s2908sytem4.workers.dev/4ioly7,phishing
https://urlsnippetsabout.asreasdistinctionsenvelopes.info/asm/unsubscribe/-55461-lxm93moppyr4coc91mfrhaob8imqcjy297tazwgtnnsyiwbt4---735092897832876-6090153846-b-mwu-un7c506mq8ywqyrqdwnqyepq0pdm-uzrz3e0c-vh3qh4-qpztxs5,phishing
https://urlsnippetsabout.envelopestatutesprogress.info/asm/unsubscribe/-15173-lxm93moppyr4coc91mfrhaob8imqcjy297tazwgtnnsyiwbt4---307793187781066-5634814465-b-mwu-un7c506mq8ywqyrqdwnqyepq0pdm-uzrz3e0c-vh3qh4-qpztxs5,phishing
https://urlsnippetsabout.initiativesgraphesinfluences.info/asm/unsubscribe/-33935-lxm93moppyr4coc91mfrhaob8imqcjy297tazwgtnnsyiwbt4---132987241106671-8434636026-b-mwu-un7c506mq8ywqyrqdwnqyepq0pdm-uzrz3e0c-vh3qh4-qpztxs5,phishing
https://urlsnippetsabout.publicationsblessingssetups.com/asm/unsubscribe/-84646-lxm93moppyr4coc91mfrhaob8imqcjy297tazwgtnnsyiwbt4---184889729974969-6218233608-b-mwu-un7c506mq8ywqyrqdwnqyepq0pdm-uzrz3e0c-vh3qh4-qpztxs5,phishing
https://urlto.me/24ir7,phishing
https://urlto.me/2R7R7,phishing
https://us06web.mints.best/?pwd=80GXrF8Uh532zlRyAAfeSF0.1,phishing
https://usps.us-nqzqo.life/,phishing
https://utilisateur-prim.com/,phishing
https://utilisateur-prim.com/index.php,phishing
https://utilisateurs-prims.com/,phishing
https://utilisateurs-prims.com/index.php,phishing
https://uytrfgvujhgbtfoiuh--ubiipagoscred.replit.app/,phishing
https://v0-novaformatgg.vercel.app/?gad_source=1&amp;amp%3Bamp%3Bgad_campaignid=24177883634&amp;amp%3Bamp%3Bgbraid=0AAAABC44nLsvAlVYKQocKM8USHikkqajZ&amp;amp%3Bamp%3Bgclid=Cj0KCQjwnbrUBhDOARIsAKKhPpdjpiTSALFszj2V5zwsb2Czic28BVxjguA3isI82DTKxZPKNF1IFSgaAhOfEALw_wcB,phishing
https://v0-novaformatgg.vercel.app/?gad_source=1&amp;amp%3Bgad_campaignid=24177883634&amp;amp%3Bgbraid=0AAAABC44nLsvAlVYKQocKM8USHikkqajZ&amp;amp%3Bgclid=Cj0KCQjwnbrUBhDOARIsAKKhPpdjpiTSALFszj2V5zwsb2Czic28BVxjguA3isI82DTKxZPKNF1IFSgaAhOfEALw_wcB,phishing
https://v0-novaformatgg.vercel.app/?gad_source=1&amp;gad_campaignid=24177883634&amp;gbraid=0AAAABC44nLsvAlVYKQocKM8USHikkqajZ&amp;gclid=Cj0KCQjwnbrUBhDOARIsAKKhPpdjpiTSALFszj2V5zwsb2Czic28BVxjguA3isI82DTKxZPKNF1IFSgaAhOfEALw_wcB,phishing
https://v0-seu-choppbarrilbrahma.vercel.app/?gad_source=1&amp;amp;gad_campaignid=23999916944&amp;amp;gbraid=0AAAABEJ8_lGhOmaXdIHzXTy4hdIzWsnxx&amp;amp;gclid=CjwKCAjw4dDTBhAqEiwAkHYmSv3YsP6dGls0KeGNW7F1epTgrIV0ax81hTQs6Q2gS8Pev_yF1mbjoRoCl8UQAvD_BwE,phishing
https://v0-spectrummail-update.vercel.app/,phishing
https://v0-vivasorte1milhao.vercel.app/,phishing
https://vahuedef.com,phishing
https://vakeugde.com/,phishing
https://vakeugde.com/5tynbei,phishing
https://validaciondatosbhd-activarcuenta.weebly.com/,phishing
https://validar-compra-enlinea-bhd2025.weebly.com,phishing
https://validaracceso-bhdactivarusuario.iceiy.com,phishing
https://validate-bhd3654.weebly.com,phishing
https://validatorpygnb.z13.web.core.windows.net/,phishing
https://vanillaturel.fr/,phishing
https://vaubefe.com,phishing
https://vdclient.insofar.com/,phishing
https://vdclient.insofar.com/captcha.php,phishing
https://vdclient.ruthweinberg.com/,phishing
https://vdclient.ruthweinberg.com/captcha.php,phishing
https://vdclient.websiteisdown.com/,phishing
https://vdclient.websiteisdown.com/captcha.php,phishing
https://veepee-fr.com/,phishing
https://vendredi-4-sep.com/,phishing
https://vendredi-4-sep.com/suivi,phishing
https://vercel-redirect-rho-navy.vercel.app,phishing
https://verificacaodisponivel.co/,phishing
https://verificando-ofertas-99-sable.vercel.app/inicio/index.html?placement=Instagram_Reels&amp;ad_id=120249414488140410&amp;utm_source=FB&amp;utm_campaign=PM2-Luiza-14%252F08-2%257C120249414488080410&amp;utm_medium=01-14%252F08%253DV1%257C120249414488150410&amp;utm_content=Novo+an%25C3%25BAncio+de+Vendas%257C120249414488140410&amp;utm_term=Instagram_Reels&amp;utm_id=120249414488080410&amp;fbclid=PAaWdyZATsbr1wZG9mAmV4dG4DYWVtATAAYWRpZAGrNjSUb296c3J0YwZhcHBfaWQPNTY3MDY3MzQzMzUyNDI3AAGnlU-J6emMGIrhBfHfZyNgl4Zbz1cVuU8f0djA0aRY-mZgLNq0F36ZQnW5vFI_aem_foJBMAXoqVw-y5NqiYNlHg&amp;twrclid=87685593156608512,phishing
https://verificando-ofertas-99-sable.vercel.app/inicio/index.html?placement=Instagram_Reels&amp;amp;ad_id=120249414488140410&amp;amp;utm_source=FB&amp;amp;utm_campaign=PM2-Luiza-14%252F08-2%257C120249414488080410&amp;amp;utm_medium=01-14%252F08%253DV1%257C120249414488150410&amp;amp;utm_content=Novo+an%25C3%25BAncio+de+Vendas%257C120249414488140410&amp;amp;utm_term=Instagram_Reels&amp;amp;utm_id=120249414488080410&amp;amp;fbclid=PAaWdyZATsbr1wZG9mAmV4dG4DYWVtATAAYWRpZAGrNjSUb296c3J0YwZhcHBfaWQPNTY3MDY3MzQzMzUyNDI3AAGnlU-J6emMGIrhBfHfZyNgl4Zbz1cVuU8f0djA0aRY-mZgLNq0F36ZQnW5vFI_aem_foJBMAXoqVw-y5NqiYNlHg&amp;amp;twrclid=87685593156608512,phishing
https://verificar-bhd-2024.weebly.com,phishing
https://verifikasi.vercel.app/,phishing
https://verifying-c30c7f.webflow.io/,phishing
https://verifysecurenow.weebly.com/,phishing
https://verifyxfinityconnect.weebly.com/,phishing
https://viajesbaratosmexico.com/,phishing
https://vibrant-hand-525680.framer.app/,phishing
https://video-assistance.info/,phishing
https://video-assistance.info/abonnements.php,phishing
https://view.page/6Z6wkE,phishing
https://vinted.pl-65445.lol/playstation-5-1t-digital/53164,phishing
https://visacrpdfci.gu.cc,phishing
https://visagcr.gu.cc,phishing
https://visionary-puffpuff-7134fd.netlify.app/,phishing
https://visionsfcunet.weebly.com/,phishing
https://vlvasortemaiis.vercel.app/,phishing
https://vocational-white-5xciizxu.edgeone.dev/,phishing
https://voce-liv3l0br.page.gd,phishing
https://vod-facture.com/,phishing
https://vod-facture.com/pages/captcha/,phishing
https://vod-facture.com/pages/connexion/,phishing
https://vod-renouvellement.com/,phishing
https://vod-renouvellement.com/index.php,phishing
https://vod-zob.com/,phishing
https://vodafone-on-line.it/lonato-cc-il-leone-shopping-center,phishing
https://voiturerouge.xyz/,phishing
https://votre-espace-secure-no-replay.help/,phishing
https://votre-espace-secure-no-replay.help/antibot/captcha.php,phishing
https://vps1.pb3.duckdns.org/,phishing
https://vsecz2at.ukit.me/,phishing
https://vuno.top/MUxdAEVE/,phishing
https://vvivasortemais-tan.vercel.app/,phishing
https://vvklajhfjfhdudhfuzouddfd.cfolks.pl/el/ko/gt/,phishing
https://w3-m-v-m-o-n-l-i-n-e26-one-adm.workingafrica.co.za/,phishing
https://w3-m-v-m-o-n-l-i-n-e26-one-adm.workingafrica.co.za/payment/index.php,phishing
https://w3-m-v-m-o-n-l-i-n-e26-one-adm.workingafrica.co.za/payment/kartya.php,phishing
https://w5q9lv.lat/o/59nly/7320827387469824#selectedbank9,phishing
https://waltgroup.ltd/,phishing
https://waltgroup.ltd/abonnements.php,phishing
https://wap.pb3.duckdns.org/,phishing
https://watery-pink-ycvk2lnd.edgeone.dev/,phishing
https://wchuai.com/view/radfTprBTd,phishing
https://web.coookx.com.cn/,phishing
https://web.voyrapido.com/lawse/download.html,phishing
https://web7portaalkunden.bolojas.pt/portaal/anmeldung/kunden/,phishing
https://webmail-oxcs.networksolutionsemail.com/appsuite/dubaialbarshaescortservice.com/taxxa,phishing
https://webmail-shaw-ca-source-webmail-poiu9ehuhe.weebly.com/,phishing
https://webmailbel.netlify.app/,phishing
https://websecure-clients-fr.com/,phishing
https://website-your-affiliates.squarespace.com/onlineactivation,phishing
https://weixin.pb3.duckdns.org/,phishing
https://westerilloniuniverss.weebly.com/,phishing
https://wexinc.passkeyconnect.com/sign-in/,phishing
https://whats-app-online.net/,phishing
https://willowy-moxie-4d085f.netlify.app/blog/what-is-connect-token,phishing
https://windows-ledger-live.typedream.app/,phishing
https://windpowerchina.com/uid_8577381964?ticket=a7edr6COTF,phishing
https://wizzair.neocities.org/,phishing
https://wonderful-cobbler-5c5f0e.netlify.app/,phishing
https://wordpress.pb3.duckdns.org/,phishing
https://workspace-login-drives.com/,phishing
https://wpspeech.com/view/radfTprBTd,phishing
https://wqohx4.duckdns.org,phishing
https://wretytk.weebly.com/,phishing
https://wt9rxwjr.xyz/hlbn,phishing
https://wttys6522.blogspot.com/,phishing
https://wvc3bayjg.com/Cxpu5t,phishing
https://ww.oblg463412.pro/,phishing
https://ww.oblg463412.pro/captcha.php,phishing
https://www-auth-domain-lmfa1ig8u024koe1.vercel.app/checkout/694bbcfac862a67e8019289966ebd7a9,phishing
https://www-kapitall.click/BN/,phishing
https://www-kapitall.xyz/BN/,phishing
https://www.22195986365.com/,phishing
https://www.activat-securi.com/,phishing
https://www.allegrolokainie.pl-489689124.lol,phishing
https://www.allegrolokainie.pl-847261842.lol,phishing
https://www.allegrolokalne.pl-489689124.lol,phishing
https://www.allegrolokalnie.pl-589679353.lol,phishing
https://www.allegrolokalnie.pl-847261842.lol,phishing
https://www.alzinfoseg.com/autenticacion,phishing
https://www.amaaddictionfree.com/account/,phishing
https://www.amaaddictionfree.com/account/turnstile-check,phishing
https://www.amatteroflaw.com.au/know/index.html.html,phishing
https://www.amazon-front-me.vercel.app/,phishing
https://www.anahirschle.com.br/css/domains/eovlogin.php,phishing
https://www.ananeosi-melous.com/,phishing
https://www.authentication-user-log.com/captcha,phishing
https://www.beocw.com/mwovt,phishing
https://www.bevzw.com/rnuhfp,phishing
https://www.bgunw.com/dkatb,phishing
https://www.bihazjl.cn/login,phishing
https://www.bihazjl.cn/vou6v98q?_t=gJBrVHNCMD6ZdbKsnmhv78rTJDsman-OKsHaTjscvDA,phishing
https://www.books-facebook.blogspot.com/,phishing
https://www.c-mutuel.moncompteespaceclient.com/,phishing
https://www.clone-facebook-five.vercel.app/,phishing
https://www.collabland.online/,phishing
https://www.corporation-mondialrelay.org/,phishing
https://www.costadoroimperia.it/sg/,phishing
https://www.courriersecucopilotpro.pro/index.html,phishing
https://www.czhmzs.com/dCUJuCEv?uid=eZ7TetpmBykdj2UwPMb9DAaT,phishing
https://www.dariusz.cn/login,phishing
https://www.dhlcrs.cc,phishing
https://www.dhlcrs.cc/cr,phishing
https://www.discordclone-smoky.vercel.app/,phishing
https://www.drive-fichier.com/,phishing
https://www.drives-workspace.com/,phishing
https://www.easybank-landing-page-six-phi.vercel.app/,phishing
https://www.facebookhints.blogspot.com/,phishing
https://www.fcwhlw.com/?tnJMRYL5jX0CONe8ltINqFNL,phishing
https://www.femstah.com/?Qvd1pBLNZg3YCVTWUR7onBol,phishing
https://www.fmpqwyp.cn/login,phishing
https://www.fmpqwyp.cn/vou6v98q,phishing
https://www.formento1932.it/wp-content/plugins/flamingo/includes/temp/css/mail/css/mail/reply26/7dz5q0550s88dchde844051511des1dd8e1de80d07ee/mahnung/26/,phishing
https://www.google.com/share.google?q=WAv2WeLLM67G0a%61Gx,phishing
https://www.grand-prize60.blogspot.com/,phishing
https://www.gsgkm.com/?fbaAbj6cFnZBsfsNzioYsbjh,phishing
https://www.guanchun2.com/SEycdLtg?uid=smx3kLVnhNbuCfmyEzZuWvRp,phishing
https://www.gzjhjfw.com/?VavJzri32TxIfOmyWooIcBbd,phishing
https://www.halsocrest.shop/domesticescv/shoufu/standardsets/reevglularcidio=PR1002,phishing
https://www.hmtsd.com/?BvzzUvJ5Ot81L52kEe5cgoMx,phishing
https://www.info-ntflix.com/captcha,phishing
https://www.infopakkhl-ee.com/,phishing
https://www.interbank.protected-request.com/,phishing
https://www.ipv6.pb3.duckdns.org/,phishing
https://www.jrbjw.com/domesticescv/shoufu/standardsets/reevglularcidio=PR1002,phishing
https://www.kfckid.com/?LbJWVAXxsgpjLYzfSlXUuV2k,phishing
https://www.kincena.com/,phishing
https://www.layanan-undian66.blogspot.com/,phishing
https://www.ledgerlivewebapp.com/,phishing
https://www.ledgerwellat.com/,phishing
https://www.lift-cert.com/?QdBTmGZnKkJmHI8LbtXRsPeq,phishing
https://www.lqmkj.com/login,phishing
https://www.mez.ink/pusatbantuanshopeeidd/pusatbantuanshopeeidd,phishing
https://www.mon-espace-assu.com/,phishing
https://www.moncompteespaceclient.com/,phishing
https://www.monoption-creneaumr.help/,phishing
https://www.monprime-espace.info/,phishing
https://www.mwreese.de/madridsteam/download.html,phishing
https://www.mynetflxmonthlyrenw.com/,phishing
https://www.nblianfang.com/?FzaJHbW1DwAMs4ok3siOFIyR,phishing
https://www.netf-reintegration-definition.com/,phishing
https://www.netflix-clone-tau-orpin-83.vercel.app/,phishing
https://www.notificationprime-annuelle.com/,phishing
https://www.obnovenie-platby.com/captcha,phishing
https://www.officialjackywucrott1.blogspot.com/,phishing
https://www.online-oubaosports.com/account,phishing
https://www.online-oubaosports.com/account/,phishing
https://www.online-oubaosports.com/account/turnstile-check,phishing
https://www.opensea-nft-boxed-0097.vercel.app/,phishing
https://www.opensea-six.vercel.app/,phishing
https://www.oportunidadesunicaswebaumentoonline.com/login.php?MTc4NzUzOTcyMTU3MDZlMDYwNjYwOTc1ZjM0ZmJlNjNkYzY3N2NkZDRhNWI1MjhhNzUyYzAyNmUzZWJiMWM1OTk1MDc4NWM5NTNmNzNmMzI4OA==,phishing
https://www.orangeverification.vercel.app/,phishing
https://www.pemenang-shopee4.blogspot.com/,phishing
https://www.phili-theta.vercel.app/,phishing
https://www.planification-creneaumr.help/,phishing
https://www.policy-violation-center.com/contact/1787481604246,phishing
https://www.postfinance-two.vercel.app/,phishing
https://www.prime-assistance.com/,phishing
https://www.prime-moncompte.info/,phishing
https://www.prime-monespace.info/,phishing
https://www.progran-shopee53.blogspot.com/,phishing
https://www.psychiatria-kalisz.pl/wp-content/languages/DKB_new/loading_1.php,phishing
https://www.qhlykf.com/?nmoXSUOeebVsbJAxfAs2ic3I,phishing
https://www.quertumlux.shop/domesticescv/shoufu/standardsets/reevglularcidio=PR1002,phishing
https://www.regazzierminio.it/ANTISC/login.html,phishing
https://www.robiox.com.py/users/256137293218/profile,phishing
https://www.roblox.com.am/games/2753915549/Blox-Fruits?privateServerLinkCode=137482564248189219577652373777,phishing
https://www.roblox.com.am/users/171429286053/profile,phishing
https://www.roblox.com.am/users/259326787612/profile,phishing
https://www.roblox.com.am/users/267411868551/profile,phishing
https://www.roblox.com.bi/games/6270290407/-VV-ULTIMATUM?privateServerLinkCode=56516078954812031086773131111707,phishing
https://www.roblox.com.bi/users/659756857317/profile,phishing
https://www.roblox.com.bn/games/128693673768020/OC-NPC-Playground?privateServerLinkCode=86312608205244302093175058016356&game_id=128693673768020&game_name=OC-NPC-Playground,phishing
https://www.roblox.com.bn/games/84637477108843/Build-an-AI-HACK?privateServerLinkCode=86312608205244302093175058016356&game_id=84637477108843&game_name=Build-an-AI-HACK,phishing
https://www.roblox.com.bn/users/981189672535/profile/share?code=type=Profile,phishing
https://www.roblox.com.ml/users/353413962573/profile,phishing
https://www.roblox.com.ml/users/404373312275/profile,phishing
https://www.roblox.com.mu/communities/5413089867/Murder-Mystery-x-Evade,phishing
https://www.roblox.com.mu/users/2669289123/profile,phishing
https://www.roblox.com.mu/users/8736953264/profile,phishing
https://www.roblox.et/games/15884350761/UPDATE-Bloody-Ragdoll-Engine-Remastered?privateServerLinkCode=61319793948775596990880931129365,phishing
https://www.roblox.ly/games/8737602449/PLS-DONATE?privateServerLinkCode=49536050381234738964619792612634,phishing
https://www.sante-vitalite-aide.com,phishing
https://www.schfd.vercel.app/,phishing
https://www.secu-reactiv.com/,phishing
https://www.secureppl-login.help/check,phishing
https://www.seguroalz.com/ingresa-tus-datos/,phishing
https://www.sendusdtbsc.vercel.app/,phishing
https://www.serene.call-whatapp.com.cn/,phishing
https://www.serviciotmkamericanexpress.com/es-mx/tarjetas-de-servicio/formulario/tmk,phishing
https://www.shan5wu.com/RkeFAAQz,phishing
https://www.shenxinid.com/login,phishing
https://www.shopee-848.blogspot.com/,phishing
https://www.shopee-id-1010.blogspot.com/,phishing
https://www.shopeetbk995.blogspot.com/?m=1,phishing
https://www.shssc.edu.bd/santd/login.php,phishing
https://www.smbc-card.com.asku.shop/vzgvUGe1989487/HKXKVHDOSAPMwvkko,phishing
https://www.smbc-card.com.axons.shop/vzgvUGe1989487/HKXKVHDOSAPMwvkko,phishing
https://www.smbc-card.com.bdwq.shop/vzgvUGe1989487/HKXKVHDOSAPMwvkko/8881017823dgBGCbYNei/verify=DWeXPuuSN801295512AXTZJSKMFgtVhZq,phishing
https://www.smbc-card.com.biaw.shop/vzgvUGe1989487/HKXKVHDOSAPMwvkko,phishing
https://www.smbc-card.com.boltv.shop/vzgvUGe1989487/HKXKVHDOSAPMwvkko,phishing
https://www.smbc-card.com.bouesaza.com/vzgvUGe1989487/HKXKVHDOSAPMwvkko,phishing
https://www.smbc-card.com.bswh.shop/vzgvUGe1989487/HKXKVHDOSAPMwvkko,phishing
https://www.smbc-card.com.couesaxaz.com/vzgvUGe1989487/HKXKVHDOSAPMwvkko,phishing
https://www.smbc-card.com.foeexnaz.com/vzgvUGe1989487/HKXKVHDOSAPMwvkko,phishing
https://www.smbc-card.com.souesazxa.com/vzgvUGe1989487/HKXKVHDOSAPMwvkko,phishing
https://www.smbc-card.com.xouesazxa.com/vzgvUGe1989487/HKXKVHDOSAPMwvkko,phishing
https://www.smbc-card.com.zouesaxz.com/vzgvUGe1989487/HKXKVHDOSAPMwvkko,phishing
https://www.smbc-ina.top/login2,phishing
https://www.societegeneraleinfo.com/,phishing
https://www.societegeneraleinfo.com/firewall.php,phishing
https://www.spotify-clone-psi-two.vercel.app/,phishing
https://www.support-abovideo.help/,phishing
https://www.support-souscriptionaboplus.help/,phishing
https://www.support-souscriptionvideo.help/,phishing
https://www.supportautomatique-abovideo.help,phishing
https://www.supporto-in.eu.cc/bnl.it/,phishing
https://www.supporto-in.eu.cc/bnl.it/it/index.php?&amp;sessionid=58dfa26960c915cc858473a65539080a,phishing
https://www.telhasvogel.com.br/erros/pko/img/season/cache/PKO/,phishing
https://www.tiktok-mall.store/,phishing
https://www.tiktok-mall.store/mall/,phishing
https://www.tiktokning.com/,phishing
https://www.trezcr-live.com/,phishing
https://www.trout-grouse-x7jn.squarespace.com/,phishing
https://www.trust-wallet-liart.vercel.app/,phishing
https://www.ubarinvest.com/Rftrans/,phishing
https://www.undian-shopee553.blogspot.com/,phishing
https://www.unionganadera.com.mx/xpo26/phpbarcode/ert/season/app/ts/PKO/app/user.php,phishing
https://www.uniswap-interface.vercel.app/,phishing
https://www.urasenkesydney.org.au/wp/wp-content/INFOS/,phishing
https://www.validainfomsn.zya.me/,phishing
https://www.veepee-fr.com/,phishing
https://www.venvoox6.pro/,phishing
https://www.verrification-smeta-supporst-team-notification.one/,phishing
https://www.votre-espace-secure-no-replay.help/,phishing
https://www.wathi.org/am/nicktez/home/nkl-log.php,phishing
https://www.web-spotify.cn/,phishing
https://www.woneyi.com/,phishing
https://www.worldinfoeua-zeta.vercel.app/,phishing
https://www.wrproducoes.com.br/adobe_Installer.html,phishing
https://www.yyzbw.com/os93ss019321/Redeem.php,phishing
https://www.zu001.cc/,phishing
https://www10.kapitall.life/BN/,phishing
https://www10.kapitall.my/BN/,phishing
https://www2.kapitall.life/BN/,phishing
https://www4.kapitall.life/BN/,phishing
https://www4.kapitall.my/BN/,phishing
https://www5.kapitall.life/BN/,phishing
https://www5.kapitall.my/BN/,phishing
https://www8.kapitall.my/BN/,phishing
https://wxhgct.com/content/rpsfhubkea,phishing
https://wxhxk.com/content/pqyfnznkdi,phishing
https://wycl.shop/soFbneFy/,phishing
https://x-novobanco.com/,phishing
https://x4z8qv.lat/o/59nly/7320827387469824#selectedbank9,phishing
https://x8jtrv.casa/o/53otu/7317012725878784#selectedbank9,phishing
https://xfinittysignin.weebly.com/,phishing
https://xfinity-103604.weeblysite.com/,phishing
https://xfinity-106588.weeblysite.com/,phishing
https://xfinity-customer-care.weeblysite.com/,phishing
https://xfinity-upgrade2.weebly.com/,phishing
https://xfinity-upgrade2.weeblysite.com/,phishing
https://xfinity07.weebly.com/,phishing
https://xfinity101.duckdns.org/verify/,phishing
https://xfinity101.duckdns.org/verify/payment,phishing
https://xfinity1234.weebly.com/,phishing
https://xfinity323.weebly.com/,phishing
https://xfinity332.weebly.com/,phishing
https://xfinity342.weebly.com/,phishing
https://xfinitycomhelp.weebly.com/,phishing
https://xfinitycomservice.weeblysite.com/,phishing
https://xfinityconnectsite.weebly.com/,phishing
https://xfinityemailconnect.weebly.com/,phishing
https://xfinitylog-in.weebly.com/,phishing
https://xfinitymailin.weebly.com/,phishing
https://xfinitypage.weebly.com/,phishing
https://xfinityupdate25.weeblysite.com/,phishing
https://xfinitywebmail26.weebly.com/,phishing
https://xfinityweebnotification.weebly.com/,phishing
https://xfwjfdxx.com/content/rpsfhubkea,phishing
https://xinlianjian.com/visit/kkuhicgpsi,phishing
https://xmailinctrrses.weebly.com/,phishing
https://xminesserversaqwq.edgeone.dev/,phishing
https://xmksjxsb.com/content/rpsfhubkea,phishing
https://xoompay-pal.com/,phishing
https://xoompay-pal.com/app,phishing
https://xsfh.shop/soFbneFy/,phishing
https://xveongezolzvl.top/jp,phishing
https://xvmsgateway.azurewebsites.net/,phishing
https://xxfinitymailbox.weebly.com/,phishing
https://xxfinityvoice.weeblysite.com/,phishing
https://xxfinitywebnotify.weebly.com/,phishing
https://y3ep-qkqx-9l1g.tnt-eb1.workers.dev/bdf8a5e98e99e897?email=corum1@4ad47ec496aa2d...,phishing
https://yalcinyapiveinsaat.com/detail/esxjmgepiz,phishing
https://yeydynoxqryw.top/jp,phishing
https://ymzk.shop/soFbneFy/,phishing
https://yoda.direc4571512.pro/,phishing
https://yoda.direc4571512.pro/captcha.php,phishing
https://yousifhimself-peep.github.io/website-redesign-samref/,phishing
https://ysjingsheng.com/content/rpsfhubkea,phishing
https://ytjcdq.com/detail/nibmsvjgfy,phishing
https://yujrturuj.webcindario.com/,phishing
https://yummy-diplodocus-081216.framer.app/,phishing
https://zamovienie0nline.click/i/g6npp/7316320991015168#selectedbank9,phishing
https://zaouhed.com,phishing
https://zcwjpj.com/forward/I3leJc6NwF,phishing
https://zeydbuabj7367.com/,phishing
https://zfgt.shop/soFbneFy,phishing
https://zgsstr.com/,phishing
https://zgyehdgeg.com/5tynbei,phishing
https://zhenjiang-group.com/uid_1151917361?ticket=rCgGLyRWZI,phishing
https://zhonghegongsi.com/content/rpsfhubkea,phishing
https://zhongyuan183.com/RQXzyWBB1n.ed.jp,phishing
https://zimupdate-portal.vercel.app/,phishing
https://zjouying.com/page/cfdvffbbbo,phishing
https://zjsyjoydesign.com/content/rpsfhubkea,phishing
https://zlknxzy.skin/offers/ks55b6uqk/invoices/uCpyf9,phishing
https://zonadeseguridadhot.z13.web.core.windows.net/,phishing
https://zpr.io/5GAsMD3fk3sj,phishing
https://zv6691.craftum.io/universite,phishing
https://zwzggjbl.shop/soFbneFy/,phishing
https://zxhykjjt.com/content/rpsfhubkea,phishing
